txn_id,sender_wallet,receiver_wallet,txn_type,amount,channel,timestamp,is_suspicious
TXN10001,AGENT_01,W0001,CASH_IN,5000.00,AGENT,2025-10-05 10:15:22,0
TXN10002,W0001,W0012,P2P,1200.50,APP,2025-10-05 14:30:10,0
TXN10003,W0012,MERCH_88,MERCHANT,450.00,USSD,2025-10-06 09:12:45,0
TXN10004,W0002,W0045,P2P,45000.00,APP,2025-10-06 03:15:00,1
TXN10005,W0002,W0046,P2P,42000.00,APP,2025-10-06 03:18:22,1
TXN10006,W0002,W0047,P2P,38000.00,APP,2025-10-06 03:22:10,1
TXN10007,AGENT_02,W0003,CASH_IN,10000.00,AGENT,2025-10-07 11:00:00,0
TXN10008,W0003,AGENT_03,CASH_OUT,2000.00,AGENT,2025-10-07 16:45:30,0
TXN10009,W0004,MERCH_12,MERCHANT,120.75,APP,2025-10-08 12:20:15,0
TXN10010,W0015,W0102,P2P,500.00,USSD,2025-10-08 19:10:00,0
TXN10011,AGENT_05,W0015,CASH_IN,25000.00,AGENT,2025-10-09 10:00:00,0
TXN10012,W0102,MERCH_05,MERCHANT,3500.00,APP,2025-10-09 15:30:45,0
TXN10013,W0006,W0007,P2P,150.00,APP,2025-10-10 08:45:12,0
TXN10014,W0007,MERCH_99,MERCHANT,2000.00,APP,2025-10-10 22:15:00,0
TXN10015,W0020,W0021,P2P,8500.00,APP,2025-10-11 09:30:22,0
TXN10016,W0022,W0023,P2P,12000.00,APP,2025-10-11 14:50:11,0
TXN10017,W0025,MERCH_55,MERCHANT,550.25,USSD,2025-10-12 11:10:05,0
TXN10018,AGENT_01,W0030,CASH_IN,15000.00,AGENT,2025-10-12 16:20:00,0
TXN10019,W0030,W0001,P2P,2000.00,APP,2025-10-13 10:05:45,0
TXN10020,W0001,MERCH_10,MERCHANT,300.00,APP,2025-10-13 13:40:12,0
TXN10021,W0088,W0089,P2P,15000.00,APP,2025-10-14 01:00:22,1
TXN10022,W0088,W0090,P2P,15000.00,APP,2025-10-14 01:05:10,1
TXN10023,W0088,W0091,P2P,15000.00,APP,2025-10-14 01:10:35,1
TXN10024,AGENT_10,W0050,CASH_IN,3000.00,AGENT,2025-10-15 11:20:00,0
TXN10025,W0050,AGENT_10,CASH_OUT,1000.00,AGENT,2025-10-15 15:30:45,0
TXN10026,W0055,W0056,P2P,250.00,USSD,2025-10-16 09:00:12,0
TXN10027,W0056,MERCH_01,MERCHANT,200.00,USSD,2025-10-16 12:45:00,0
TXN10028,W0060,W0061,P2P,1200.00,APP,2025-10-17 10:15:30,0
TXN10029,W0061,AGENT_02,CASH_OUT,500.00,AGENT,2025-10-17 14:20:11,0
TXN10030,W0065,W0066,P2P,9000.00,APP,2025-10-18 08:30:45,0
TXN10031,W0066,MERCH_12,MERCHANT,4500.00,APP,2025-10-18 16:55:22,0
TXN10032,AGENT_05,W0070,CASH_IN,1000.00,AGENT,2025-10-19 11:00:00,0
TXN10033,W0070,W0071,P2P,500.00,USSD,2025-10-19 14:12:10,0
TXN10034,W0075,MERCH_22,MERCHANT,1200.50,APP,2025-10-20 09:40:30,0
TXN10035,W0080,W0081,P2P,3000.00,APP,2025-10-20 13:20:15,0
TXN10036,W0085,AGENT_01,CASH_OUT,200.00,AGENT,2025-10-21 10:05:45,0
TXN10037,W0090,W0091,P2P,120.00,USSD,2025-10-21 15:30:00,0
TXN10038,AGENT_09,W0100,CASH_IN,50000.00,AGENT,2025-10-22 11:00:00,0
TXN10039,W0100,W0101,P2P,25000.00,APP,2025-10-22 14:45:22,0
TXN10040,W0101,AGENT_09,CASH_OUT,10000.00,AGENT,2025-10-23 09:12:10,0
TXN10041,W0105,MERCH_05,MERCHANT,850.00,APP,2025-10-23 16:20:30,0
TXN10042,W0110,W0111,P2P,450.00,USSD,2025-10-24 10:30:15,0
TXN10043,W0115,AGENT_02,CASH_OUT,150.00,AGENT,2025-10-24 14:55:00,0
TXN10044,AGENT_03,W0120,CASH_IN,2000.00,AGENT,2025-10-25 11:10:12,0
TXN10045,W0120,W0121,P2P,1000.00,APP,2025-10-25 16:40:35,0
TXN10046,W0125,MERCH_99,MERCHANT,2500.00,APP,2025-10-26 09:05:45,0
TXN10047,W0130,W0131,P2P,120.50,USSD,2025-10-26 13:20:10,0
TXN10048,AGENT_07,W0140,CASH_IN,500.00,AGENT,2025-10-27 10:15:30,0
TXN10049,W0140,AGENT_07,CASH_OUT,200.00,AGENT,2025-10-27 15:45:22,0
TXN10050,W0150,W0001,P2P,50.00,APP,2025-10-28 09:30:12,0
TXN10051,W0001,W0005,P2P,450.00,APP,2025-10-28 14:20:10,0
TXN10052,W0012,AGENT_01,CASH_OUT,1200.00,AGENT,2025-10-28 18:45:00,0
TXN10053,AGENT_03,W0015,CASH_IN,3000.00,AGENT,2025-10-29 09:12:45,0
TXN10054,W0015,MERCH_10,MERCHANT,150.75,APP,2025-10-29 11:30:00,0
TXN10055,W0002,W0140,P2P,12000.00,APP,2025-10-29 15:22:10,0
TXN10056,W0045,MERCH_05,MERCHANT,2200.00,USSD,2025-10-30 08:15:00,0
TXN10057,W0046,W0047,P2P,100.00,APP,2025-10-30 10:45:30,0
TXN10058,AGENT_05,W0088,CASH_IN,50000.00,AGENT,2025-10-30 14:00:00,0
TXN10059,W0088,W0120,P2P,48000.00,APP,2025-10-31 02:15:22,1
TXN10060,W0088,W0121,P2P,47500.00,APP,2025-10-31 02:20:10,1
TXN10061,W0088,W0122,P2P,49000.00,APP,2025-10-31 02:25:45,1
TXN10062,W0020,AGENT_02,CASH_OUT,500.00,AGENT,2025-10-31 09:10:00,0
TXN10063,W0021,MERCH_12,MERCHANT,350.00,APP,2025-10-31 16:30:12,0
TXN10064,AGENT_01,W0003,CASH_IN,2000.00,AGENT,2025-11-01 10:00:00,0
TXN10065,W0003,W0004,P2P,1500.00,APP,2025-11-01 13:15:45,0
TXN10066,W0004,MERCH_99,MERCHANT,1200.00,APP,2025-11-01 19:40:22,0
TXN10067,W0030,W0031,P2P,50.00,USSD,2025-11-02 08:12:10,0
TXN10068,W0031,AGENT_03,CASH_OUT,100.00,AGENT,2025-11-02 12:45:30,0
TXN10069,AGENT_06,W0102,CASH_IN,8000.00,AGENT,2025-11-02 15:20:15,0
TXN10070,W0102,W0015,P2P,3000.00,APP,2025-11-03 09:05:45,0
TXN10071,W0015,MERCH_01,MERCHANT,450.00,APP,2025-11-03 14:30:12,0
TXN10072,W0050,W0055,P2P,200.00,APP,2025-11-03 17:15:00,0
TXN10073,W0056,MERCH_10,MERCHANT,120.00,USSD,2025-11-04 10:22:10,0
TXN10074,AGENT_01,W0060,CASH_IN,1000.00,AGENT,2025-11-04 13:45:35,0
TXN10075,W0060,W0001,P2P,500.00,APP,2025-11-04 16:10:00,0
TXN10076,W0061,MERCH_05,MERCHANT,220.50,APP,2025-11-05 09:30:15,0
TXN10077,W0066,AGENT_05,CASH_OUT,1000.00,AGENT,2025-11-05 14:20:45,0
TXN10078,AGENT_10,W0070,CASH_IN,500.00,AGENT,2025-11-05 18:05:12,0
TXN10079,W0070,W0075,P2P,120.00,APP,2025-11-06 08:45:30,0
TXN10080,W0075,MERCH_22,MERCHANT,35.00,USSD,2025-11-06 12:15:00,0
TXN10081,W0080,W0100,P2P,15000.00,APP,2025-11-06 16:50:22,0
TXN10082,W0100,MERCH_05,MERCHANT,4500.00,APP,2025-11-07 10:05:45,0
TXN10083,AGENT_02,W0085,CASH_IN,10000.00,AGENT,2025-11-07 13:30:10,0
TXN10084,W0085,W0090,P2P,5000.00,APP,2025-11-07 17:12:35,0
TXN10085,W0090,AGENT_02,CASH_OUT,2000.00,AGENT,2025-11-08 09:40:00,0
TXN10086,W0091,MERCH_12,MERCHANT,150.00,USSD,2025-11-08 14:25:12,0
TXN10087,AGENT_04,W0110,CASH_IN,300.00,AGENT,2025-11-08 16:55:00,0
TXN10088,W0110,W0115,P2P,100.00,APP,2025-11-09 10:15:45,0
TXN10089,W0115,MERCH_99,MERCHANT,50.00,APP,2025-11-09 13:40:10,0
TXN10090,W0120,W0125,P2P,4500.00,APP,2025-11-09 16:22:30,0
TXN10091,W0125,AGENT_09,CASH_OUT,1000.00,AGENT,2025-11-10 09:05:12,0
TXN10092,AGENT_01,W0130,CASH_IN,12000.00,AGENT,2025-11-10 13:50:00,0
TXN10093,W0130,W0135,P2P,6000.00,APP,2025-11-10 17:15:45,0
TXN10094,W0135,MERCH_01,MERCHANT,2500.00,APP,2025-11-11 08:30:10,0
TXN10095,W0140,W0150,P2P,300.00,USSD,2025-11-11 12:45:22,0
TXN10096,W0150,AGENT_07,CASH_OUT,150.00,AGENT,2025-11-11 16:05:00,0
TXN10097,AGENT_05,W0002,CASH_IN,25000.00,AGENT,2025-11-12 10:12:45,0
TXN10098,W0002,W0015,P2P,12000.00,APP,2025-11-12 14:30:10,0
TXN10099,W0015,MERCH_10,MERCHANT,4500.00,APP,2025-11-12 19:15:35,0
TXN10100,W0045,W0046,P2P,150.00,APP,2025-11-13 09:00:12,0
TXN10101,W0046,AGENT_10,CASH_OUT,50.00,AGENT,2025-11-13 13:45:00,0
TXN10102,AGENT_03,W0001,CASH_IN,1000.00,AGENT,2025-11-13 16:20:22,0
TXN10103,W0001,W0088,P2P,45000.00,APP,2025-11-14 03:00:10,1
TXN10104,W0001,W0089,P2P,45000.00,APP,2025-11-14 03:05:45,1
TXN10105,W0001,W0090,P2P,45000.00,APP,2025-11-14 03:10:22,1
TXN10106,W0005,MERCH_05,MERCHANT,12.50,USSD,2025-11-14 11:30:00,0
TXN10107,W0007,W0012,P2P,1200.00,APP,2025-11-14 15:50:12,0
TXN10108,AGENT_01,W0020,CASH_IN,3000.00,AGENT,2025-11-15 10:05:45,0
TXN10109,W0020,W0022,P2P,1500.00,APP,2025-11-15 14:12:30,0
TXN10110,W0022,MERCH_99,MERCHANT,800.00,APP,2025-11-15 19:30:10,0
TXN10111,W0023,W0025,P2P,250.00,USSD,2025-11-16 08:15:00,0
TXN10112,W0025,AGENT_04,CASH_OUT,100.00,AGENT,2025-11-16 12:40:22,0
TXN10113,AGENT_06,W0030,CASH_IN,5000.00,AGENT,2025-11-16 16:10:45,0
TXN10114,W0030,W0045,P2P,2000.00,APP,2025-11-17 09:20:12,0
TXN10115,W0045,MERCH_12,MERCHANT,1200.00,APP,2025-11-17 14:55:00,0
TXN10116,W0050,W0060,P2P,500.00,APP,2025-11-17 18:30:35,0
TXN10117,W0060,AGENT_02,CASH_OUT,200.00,AGENT,2025-11-18 10:05:10,0
TXN10118,AGENT_09,W0065,CASH_IN,1000.00,AGENT,2025-11-18 13:40:22,0
TXN10119,W0065,W0070,P2P,300.00,USSD,2025-11-18 16:15:45,0
TXN10120,W0070,MERCH_01,MERCHANT,150.00,APP,2025-11-19 09:10:12,0
TXN10121,W0071,W0080,P2P,12000.00,APP,2025-11-19 14:45:00,0
TXN10122,W0080,MERCH_05,MERCHANT,3500.00,APP,2025-11-19 21:20:30,0
TXN10123,AGENT_01,W0085,CASH_IN,500.00,AGENT,2025-11-20 10:30:15,0
TXN10124,W0085,W0100,P2P,200.00,APP,2025-11-20 15:10:45,0
TXN10125,W0100,AGENT_05,CASH_OUT,100.00,AGENT,2025-11-20 18:40:12,0
TXN10126,W0102,W0110,P2P,1500.00,APP,2025-11-21 09:15:30,0
TXN10127,W0110,MERCH_10,MERCHANT,450.00,USSD,2025-11-21 14:20:10,0
TXN10128,AGENT_03,W0115,CASH_IN,2000.00,AGENT,2025-11-21 17:55:45,0
TXN10129,W0115,W0120,P2P,1200.00,APP,2025-11-22 08:40:12,0
TXN10130,W0120,MERCH_99,MERCHANT,600.00,APP,2025-11-22 13:10:00,0
TXN10131,W0121,W0130,P2P,800.00,APP,2025-11-22 16:35:22,0
TXN10132,W0130,AGENT_01,CASH_OUT,400.00,AGENT,2025-11-23 10:15:45,0
TXN10133,AGENT_10,W0140,CASH_IN,500.00,AGENT,2025-11-23 14:40:10,0
TXN10134,W0140,W0150,P2P,100.00,USSD,2025-11-23 18:05:35,0
TXN10135,W0150,MERCH_05,MERCHANT,45.00,APP,2025-11-24 09:20:12,0
TXN10136,W0001,W0002,P2P,2500.00,APP,2025-11-24 14:50:00,0
TXN10137,W0002,AGENT_05,CASH_OUT,1000.00,AGENT,2025-11-24 19:12:30,0
TXN10138,AGENT_02,W0003,CASH_IN,10000.00,AGENT,2025-11-25 11:05:45,0
TXN10139,W0003,W0045,P2P,8000.00,APP,2025-11-25 15:30:10,0
TXN10140,W0045,MERCH_22,MERCHANT,3500.00,APP,2025-11-25 21:45:22,0
TXN10141,W0004,W0005,P2P,120.00,USSD,2025-11-26 08:10:12,0
TXN10142,W0005,AGENT_03,CASH_OUT,50.00,AGENT,2025-11-26 12:55:00,0
TXN10143,AGENT_01,W0006,CASH_IN,3000.00,AGENT,2025-11-26 16:20:45,0
TXN10144,W0006,W0007,P2P,1500.00,APP,2025-11-27 10:15:12,0
TXN10145,W0007,MERCH_10,MERCHANT,450.00,APP,2025-11-27 15:40:30,0
TXN10146,W0012,W0015,P2P,2500.00,APP,2025-11-27 18:10:00,0
TXN10147,W0015,AGENT_01,CASH_OUT,1000.00,AGENT,2025-11-28 09:45:22,0
TXN10148,AGENT_04,W0020,CASH_IN,500.00,AGENT,2025-11-28 13:20:10,0
TXN10149,W0020,W0021,P2P,120.00,USSD,2025-11-28 16:55:45,0
TXN10150,W0021,MERCH_01,MERCHANT,45.00,APP,2025-11-29 08:30:12,0
TXN10151,W0022,W0023,P2P,45000.00,APP,2025-11-29 03:00:00,1
TXN10152,W0022,W0024,P2P,48000.00,APP,2025-11-29 03:05:10,1
TXN10153,W0022,W0025,P2P,42000.00,APP,2025-11-29 03:10:22,1
TXN10154,AGENT_06,W0030,CASH_IN,2000.00,AGENT,2025-11-29 11:45:00,0
TXN10155,W0030,W0031,P2P,1000.00,APP,2025-11-30 10:12:45,0
TXN10156,W0031,AGENT_06,CASH_OUT,500.00,AGENT,2025-11-30 15:30:10,0
TXN10157,W0035,MERCH_12,MERCHANT,120.00,USSD,2025-11-30 18:55:35,0
TXN10158,AGENT_01,W0040,CASH_IN,1000.00,AGENT,2025-12-01 09:20:12,0
TXN10159,W0040,W0041,P2P,450.00,APP,2025-12-01 14:40:00,0
TXN10160,W0041,MERCH_05,MERCHANT,220.00,APP,2025-12-01 19:10:30,0
TXN10161,W0050,W0051,P2P,150.00,USSD,2025-12-02 08:05:45,0
TXN10162,W0051,AGENT_10,CASH_OUT,100.00,AGENT,2025-12-02 12:45:12,0
TXN10163,AGENT_05,W0055,CASH_IN,3000.00,AGENT,2025-12-02 16:30:00,0
TXN10164,W0055,W0056,P2P,1200.00,APP,2025-12-03 10:15:22,0
TXN10165,W0056,MERCH_99,MERCHANT,850.00,APP,2025-12-03 15:40:10,0
TXN10166,W0060,W0061,P2P,250.00,USSD,2025-12-03 18:05:45,0
TXN10167,W0061,AGENT_02,CASH_OUT,120.00,AGENT,2025-12-04 09:30:12,0
TXN10168,AGENT_07,W0065,CASH_IN,5000.00,AGENT,2025-12-04 13:55:00,0
TXN10169,W0065,W0066,P2P,2500.00,APP,2025-12-04 17:10:35,0
TXN10170,W0066,MERCH_10,MERCHANT,1200.00,APP,2025-12-05 08:45:12,0
TXN10171,W0070,W0071,P2P,450.00,USSD,2025-12-05 13:20:10,0
TXN10172,W0071,AGENT_05,CASH_OUT,200.00,AGENT,2025-12-05 16:55:45,0
TXN10173,AGENT_01,W0075,CASH_IN,1000.00,AGENT,2025-12-06 10:05:12,0
TXN10174,W0075,W0080,P2P,500.00,APP,2025-12-06 15:40:00,0
TXN10175,W0080,MERCH_05,MERCHANT,220.00,APP,2025-12-06 19:12:30,0
TXN10176,W0085,W0088,P2P,150.00,USSD,2025-12-07 08:30:12,0
TXN10177,W0088,AGENT_04,CASH_OUT,100.00,AGENT,2025-12-07 12:55:00,0
TXN10178,AGENT_09,W0090,CASH_IN,15000.00,AGENT,2025-12-07 16:20:45,0
TXN10179,W0090,W0091,P2P,8000.00,APP,2025-12-08 09:15:12,0
TXN10180,W0091,MERCH_22,MERCHANT,3500.00,APP,2025-12-08 14:40:30,0
TXN10181,W0100,W0101,P2P,4500.00,APP,2025-12-08 18:10:00,0
TXN10182,W0101,AGENT_09,CASH_OUT,2000.00,AGENT,2025-12-09 10:05:45,0
TXN10183,AGENT_02,W0102,CASH_IN,300.00,AGENT,2025-12-09 13:20:10,0
TXN10184,W0102,W0105,P2P,120.00,USSD,2025-12-09 16:55:22,0
TXN10185,W0105,MERCH_01,MERCHANT,45.00,APP,2025-12-10 09:30:12,0
TXN10186,W0110,W0111,P2P,2500.00,APP,2025-12-10 14:50:00,0
TXN10187,W0111,AGENT_03,CASH_OUT,1000.00,AGENT,2025-12-10 19:12:45,0
TXN10188,AGENT_01,W0115,CASH_IN,10000.00,AGENT,2025-12-11 11:05:12,0
TXN10189,W0115,W0120,P2P,8000.00,APP,2025-12-11 15:30:35,0
TXN10190,W0120,MERCH_99,MERCHANT,3500.00,APP,2025-12-11 21:45:22,0
TXN10191,W0121,W0125,P2P,120.00,USSD,2025-12-12 08:10:12,0
TXN10192,W0125,AGENT_05,CASH_OUT,50.00,AGENT,2025-12-12 12:55:00,0
TXN10193,AGENT_10,W0130,CASH_IN,3000.00,AGENT,2025-12-12 16:20:45,0
TXN10194,W0130,W0135,P2P,1500.00,APP,2025-12-13 10:15:12,0
TXN10195,W0135,MERCH_10,MERCHANT,450.00,APP,2025-12-13 15:40:30,0
TXN10196,W0140,W0150,P2P,2500.00,APP,2025-12-13 18:10:00,0
TXN10197,W0150,AGENT_01,CASH_OUT,1000.00,AGENT,2025-12-14 09:45:22,0
TXN10198,AGENT_04,W0001,CASH_IN,500.00,AGENT,2025-12-14 13:20:10,0
TXN10199,W0001,W0002,P2P,120.00,USSD,2025-12-14 16:55:45,0
TXN10200,W0002,MERCH_05,MERCHANT,45.00,APP,2025-12-15 08:30:12,0
TXN10201,W0003,W0004,P2P,5500.00,APP,2025-12-15 11:20:30,0
TXN10202,W0004,AGENT_02,CASH_OUT,2000.00,AGENT,2025-12-15 15:45:10,0
TXN10203,AGENT_05,W0005,CASH_IN,1000.00,AGENT,2025-12-16 09:12:45,0
TXN10204,W0005,W0006,P2P,500.00,APP,2025-12-16 13:30:00,0
TXN10205,W0006,MERCH_12,MERCHANT,120.00,USSD,2025-12-16 17:15:22,0
TXN10206,AGENT_01,W0007,CASH_IN,3000.00,AGENT,2025-12-17 10:05:12,0
TXN10207,W0007,W0012,P2P,1500.00,APP,2025-12-17 14:40:35,0
TXN10208,W0012,MERCH_99,MERCHANT,800.00,APP,2025-12-17 21:05:45,0
TXN10209,W0015,W0020,P2P,45000.00,APP,2025-12-18 03:00:10,1
TXN10210,W0015,W0021,P2P,45000.00,APP,2025-12-18 03:05:45,1
TXN10211,W0015,W0022,P2P,45000.00,APP,2025-12-18 03:10:22,1
TXN10212,AGENT_03,W0023,CASH_IN,500.00,AGENT,2025-12-18 11:30:00,0
TXN10213,W0023,AGENT_03,CASH_OUT,200.00,AGENT,2025-12-18 16:50:12,0
TXN10214,W0025,W0030,P2P,1200.00,APP,2025-12-19 10:15:45,0
TXN10215,W0030,MERCH_10,MERCHANT,450.00,APP,2025-12-19 14:40:10,0
TXN10216,W0031,W0035,P2P,250.00,USSD,2025-12-19 18:10:35,0
TXN10217,W0035,AGENT_01,CASH_OUT,100.00,AGENT,2025-12-20 09:20:12,0
TXN10218,AGENT_10,W0040,CASH_IN,1000.00,AGENT,2025-12-20 14:50:00,0
TXN10219,W0040,W0041,P2P,500.00,APP,2025-12-20 19:12:30,0
TXN10220,W0041,MERCH_05,MERCHANT,220.00,APP,2025-12-21 11:05:45,0
TXN10221,W0045,W0046,P2P,150.00,USSD,2025-12-21 15:30:10,0
TXN10222,W0046,AGENT_05,CASH_OUT,50.00,AGENT,2025-12-21 21:45:22,0
TXN10223,AGENT_02,W0047,CASH_IN,3000.00,AGENT,2025-12-22 08:10:12,0
TXN10224,W0047,W0050,P2P,1500.00,APP,2025-12-22 12:55:00,0
TXN10225,W0050,MERCH_12,MERCHANT,450.00,APP,2025-12-22 16:20:45,0
TXN10226,W0051,W0055,P2P,2500.00,APP,2025-12-23 10:15:12,0
TXN10227,W0055,AGENT_01,CASH_OUT,1000.00,AGENT,2025-12-23 15:40:30,0
TXN10228,AGENT_04,W0056,CASH_IN,500.00,AGENT,2025-12-23 18:10:00,0
TXN10229,W0056,W0060,P2P,120.00,USSD,2025-12-24 09:45:22,0
TXN10230,W0060,MERCH_01,MERCHANT,45.00,APP,2025-12-24 13:20:10,0
TXN10231,W0061,W0065,P2P,12000.00,APP,2025-12-24 16:55:45,0
TXN10232,W0065,AGENT_06,CASH_OUT,5000.00,AGENT,2025-12-25 08:30:12,0
TXN10233,AGENT_01,W0066,CASH_IN,2000.00,AGENT,2025-12-25 11:45:00,0
TXN10234,W0066,W0070,P2P,1000.00,APP,2025-12-25 15:30:10,0
TXN10235,W0070,MERCH_12,MERCHANT,120.00,USSD,2025-12-25 18:55:35,0
TXN10236,AGENT_05,W0071,CASH_IN,1000.00,AGENT,2025-12-26 09:20:12,0
TXN10237,W0071,W0075,P2P,450.00,APP,2025-12-26 14:40:00,0
TXN10238,W0075,MERCH_05,MERCHANT,220.00,APP,2025-12-26 19:10:30,0
TXN10239,W0080,W0081,P2P,150.00,USSD,2025-12-27 08:05:45,0
TXN10240,W0081,AGENT_10,CASH_OUT,100.00,AGENT,2025-12-27 12:45:12,0
TXN10241,AGENT_02,W0085,CASH_IN,3000.00,AGENT,2025-12-27 16:30:00,0
TXN10242,W0085,W0088,P2P,1200.00,APP,2025-12-28 10:15:22,0
TXN10243,W0088,MERCH_99,MERCHANT,850.00,APP,2025-12-28 15:40:10,0
TXN10244,W0089,W0090,P2P,250.00,USSD,2025-12-28 18:05:45,0
TXN10245,W0090,AGENT_02,CASH_OUT,120.00,AGENT,2025-12-29 09:30:12,0
TXN10246,AGENT_07,W0091,CASH_IN,5000.00,AGENT,2025-12-29 13:55:00,0
TXN10247,W0091,W0100,P2P,2500.00,APP,2025-12-29 17:10:35,0
TXN10248,W0100,MERCH_10,MERCHANT,1200.00,APP,2025-12-30 08:45:12,0
TXN10249,W0101,W0102,P2P,450.00,USSD,2025-12-30 13:20:10,0
TXN10250,W0102,AGENT_05,CASH_OUT,200.00,AGENT,2025-12-30 16:55:45,0
TXN10251,AGENT_01,W0105,CASH_IN,1000.00,AGENT,2025-12-31 10:05:12,0
TXN10252,W0105,W0110,P2P,500.00,APP,2025-12-31 15:40:00,0
TXN10253,W0110,MERCH_05,MERCHANT,220.00,APP,2025-12-31 19:12:30,0
TXN10254,W0111,W0115,P2P,150.00,USSD,2026-01-01 08:30:12,0
TXN10255,W0115,AGENT_04,CASH_OUT,100.00,AGENT,2026-01-01 12:55:00,0
TXN10256,AGENT_09,W0120,CASH_IN,15000.00,AGENT,2026-01-01 16:20:45,0
TXN10257,W0120,W0121,P2P,8000.00,APP,2026-01-02 09:15:12,0
TXN10258,W0121,MERCH_22,MERCHANT,3500.00,APP,2026-01-02 14:40:30,0
TXN10259,W0125,W0130,P2P,4500.00,APP,2026-01-02 18:10:00,0
TXN10260,W0130,AGENT_09,CASH_OUT,2000.00,AGENT,2026-01-03 10:05:45,0
TXN10261,AGENT_02,W0135,CASH_IN,300.00,AGENT,2026-01-03 13:20:10,0
TXN10262,W0135,W0140,P2P,120.00,USSD,2026-01-03 16:55:22,0
TXN10263,W0140,MERCH_01,MERCHANT,45.00,APP,2026-01-04 09:30:12,0
TXN10264,W0150,W0001,P2P,2500.00,APP,2026-01-04 14:50:00,0
TXN10265,W0001,AGENT_03,CASH_OUT,1000.00,AGENT,2026-01-04 19:12:45,0
TXN10266,AGENT_01,W0002,CASH_IN,10000.00,AGENT,2026-01-05 11:05:12,0
TXN10267,W0002,W0003,P2P,8000.00,APP,2026-01-05 15:30:35,0
TXN10268,W0003,MERCH_99,MERCHANT,3500.00,APP,2026-01-05 21:45:22,0
TXN10269,W0004,W0005,P2P,120.00,USSD,2026-01-06 08:10:12,0
TXN10270,W0005,AGENT_05,CASH_OUT,50.00,AGENT,2026-01-06 12:55:00,0
TXN10271,AGENT_10,W0006,CASH_IN,3000.00,AGENT,2026-01-06 16:20:45,0
TXN10272,W0006,W0007,P2P,1500.00,APP,2026-01-07 10:15:12,0
TXN10273,W0007,MERCH_10,MERCHANT,450.00,APP,2026-01-07 15:40:30,0
TXN10274,W0012,W0150,P2P,2500.00,APP,2026-01-07 18:10:00,0
TXN10275,W0150,AGENT_01,CASH_OUT,1000.00,AGENT,2026-01-08 09:45:22,0
TXN10276,AGENT_04,W0020,CASH_IN,500.00,AGENT,2026-01-08 13:20:10,0
TXN10277,W0020,W0021,P2P,120.00,USSD,2026-01-08 16:55:45,0
TXN10278,W0021,MERCH_05,MERCHANT,45.00,APP,2026-01-09 08:30:12,0
TXN10279,W0022,W0023,P2P,5500.00,APP,2026-01-09 11:20:30,0
TXN10280,W0023,AGENT_02,CASH_OUT,2000.00,AGENT,2026-01-09 15:45:10,0
TXN10281,AGENT_05,W0024,CASH_IN,1000.00,AGENT,2026-01-10 09:12:45,0
TXN10282,W0024,W0025,P2P,500.00,APP,2026-01-10 13:30:00,0
TXN10283,W0025,MERCH_12,MERCHANT,120.00,USSD,2026-01-10 17:15:22,0
TXN10284,AGENT_01,W0030,CASH_IN,3000.00,AGENT,2026-01-11 10:05:12,0
TXN10285,W0030,W0031,P2P,1500.00,APP,2026-01-11 14:40:35,0
TXN10286,W0031,MERCH_99,MERCHANT,800.00,APP,2026-01-11 21:05:45,0
TXN10287,W0035,W0040,P2P,45000.00,APP,2026-01-12 03:00:10,1
TXN10288,W0035,W0041,P2P,45000.00,APP,2026-01-12 03:05:45,1
TXN10289,W0035,W0045,P2P,45000.00,APP,2026-01-12 03:10:22,1
TXN10290,AGENT_03,W0046,CASH_IN,500.00,AGENT,2026-01-12 11:30:00,0
TXN10291,W0046,AGENT_03,CASH_OUT,200.00,AGENT,2026-01-12 16:50:12,0
TXN10292,W0047,W0050,P2P,1200.00,APP,2026-01-13 10:15:45,0
TXN10293,W0050,MERCH_10,MERCHANT,450.00,APP,2026-01-13 14:40:10,0
TXN10294,W0051,W0055,P2P,250.00,USSD,2026-01-13 18:10:35,0
TXN10295,W0055,AGENT_01,CASH_OUT,100.00,AGENT,2026-01-14 09:20:12,0
TXN10296,AGENT_10,W0056,CASH_IN,1000.00,AGENT,2026-01-14 14:50:00,0
TXN10297,W0056,W0060,P2P,500.00,APP,2026-01-14 19:12:30,0
TXN10298,W0060,MERCH_05,MERCHANT,220.00,APP,2026-01-15 11:05:45,0
TXN10299,W0061,W0065,P2P,150.00,USSD,2026-01-15 15:30:10,0
TXN10300,W0065,AGENT_05,CASH_OUT,50.00,AGENT,2026-01-15 21:45:22,0
TXN10301,W0066,MERCH_01,MERCHANT,120.00,APP,2026-01-16 09:12:45,0
TXN10302,AGENT_01,W0070,CASH_IN,5000.00,AGENT,2026-01-16 13:30:00,0
TXN10303,W0070,W0071,P2P,4500.00,APP,2026-01-16 17:15:22,0
TXN10304,W0071,MERCH_22,MERCHANT,3500.00,APP,2026-01-17 10:05:12,0
TXN10305,W0075,W0080,P2P,120.50,USSD,2026-01-17 14:40:35,0
TXN10306,W0080,AGENT_04,CASH_OUT,50.00,AGENT,2026-01-17 21:05:45,0
TXN10307,AGENT_09,W0085,CASH_IN,1000.00,AGENT,2026-01-18 08:30:12,0
TXN10308,W0085,W0088,P2P,500.00,APP,2026-01-18 12:55:00,0
TXN10309,W0088,MERCH_05,MERCHANT,220.00,APP,2026-01-18 16:20:45,0
TXN10310,W0090,W0091,P2P,150.00,USSD,2026-01-19 10:15:12,0
TXN10311,W0091,AGENT_02,CASH_OUT,100.00,AGENT,2026-01-19 15:40:30,0
TXN10312,AGENT_01,W0100,CASH_IN,3000.00,AGENT,2026-01-19 18:10:00,0
TXN10313,W0100,W0101,P2P,1500.00,APP,2026-01-20 09:45:22,0
TXN10314,W0101,MERCH_10,MERCHANT,450.00,APP,2026-01-20 13:20:10,0
TXN10315,W0102,W0105,P2P,2500.00,APP,2026-01-20 16:55:45,0
TXN10316,W0105,AGENT_01,CASH_OUT,1000.00,AGENT,2026-01-21 08:30:12,0
TXN10317,AGENT_03,W0110,CASH_IN,500.00,AGENT,2026-01-21 11:20:30,0
TXN10318,W0110,W0111,P2P,120.00,USSD,2026-01-21 15:45:10,0
TXN10319,W0111,MERCH_05,MERCHANT,45.00,APP,2026-01-22 09:12:45,0
TXN10320,W0115,W0120,P2P,45000.00,APP,2026-01-22 03:00:10,1
TXN10321,W0115,W0121,P2P,45000.00,APP,2026-01-22 03:05:45,1
TXN10322,W0115,W0122,P2P,45000.00,APP,2026-01-22 03:10:22,1
TXN10323,AGENT_05,W0125,CASH_IN,1000.00,AGENT,2026-01-22 13:30:00,0
TXN10324,W0125,W0130,P2P,500.00,APP,2026-01-22 17:15:22,0
TXN10325,W0130,MERCH_12,MERCHANT,120.00,USSD,2026-01-23 10:05:12,0
TXN10326,AGENT_01,W0135,CASH_IN,3000.00,AGENT,2026-01-23 14:40:35,0
TXN10327,W0135,W0140,P2P,1500.00,APP,2026-01-23 21:05:45,0
TXN10328,W0140,MERCH_99,MERCHANT,800.00,APP,2026-01-24 09:20:12,0
TXN10329,W0150,AGENT_07,CASH_OUT,200.00,AGENT,2026-01-24 14:50:00,0
TXN10330,AGENT_10,W0001,CASH_IN,1000.00,AGENT,2026-01-24 19:12:30,0
TXN10331,W0001,W0002,P2P,500.00,APP,2026-01-25 11:05:45,0
TXN10332,W0002,MERCH_05,MERCHANT,220.00,APP,2026-01-25 15:30:10,0
TXN10333,W0003,W0004,P2P,150.00,USSD,2026-01-25 21:45:22,0
TXN10334,W0004,AGENT_05,CASH_OUT,50.00,AGENT,2026-01-26 08:10:12,0
TXN10335,AGENT_02,W0005,CASH_IN,3000.00,AGENT,2026-01-26 12:55:00,0
TXN10336,W0005,W0006,P2P,1500.00,APP,2026-01-26 16:20:45,0
TXN10337,W0006,MERCH_12,MERCHANT,450.00,APP,2026-01-27 10:15:12,0
TXN10338,W0007,W0012,P2P,2500.00,APP,2026-01-27 15:40:30,0
TXN10339,W0012,AGENT_01,CASH_OUT,1000.00,AGENT,2026-01-27 18:10:00,0
TXN10340,AGENT_04,W0015,CASH_IN,500.00,AGENT,2026-01-28 09:45:22,0
TXN10341,W0015,W0020,P2P,120.00,USSD,2026-01-28 13:20:10,0
TXN10342,W0020,MERCH_01,MERCHANT,45.00,APP,2026-01-28 16:55:45,0
TXN10343,W0021,W0022,P2P,12000.00,APP,2026-01-29 08:30:12,0
TXN10344,W0022,AGENT_06,CASH_OUT,5000.00,AGENT,2026-01-29 11:45:00,0
TXN10345,AGENT_01,W0023,CASH_IN,2000.00,AGENT,2026-01-29 15:30:10,0
TXN10346,W0023,W0025,P2P,1000.00,APP,2026-01-29 18:55:35,0
TXN10347,W0025,MERCH_12,MERCHANT,120.00,USSD,2026-01-30 09:20:12,0
TXN10348,AGENT_05,W0030,CASH_IN,1000.00,AGENT,2026-01-30 14:40:00,0
TXN10349,W0030,W0031,P2P,450.00,APP,2026-01-30 19:10:30,0
TXN10350,W0031,MERCH_05,MERCHANT,220.00,APP,2026-01-31 08:05:45,0
TXN10351,W0035,W0040,P2P,150.00,USSD,2026-01-31 12:45:12,0
TXN10352,W0040,AGENT_10,CASH_OUT,100.00,AGENT,2026-01-31 16:30:00,0
TXN10353,AGENT_02,W0041,CASH_IN,3000.00,AGENT,2026-02-01 10:15:22,0
TXN10354,W0041,W0045,P2P,1200.00,APP,2026-02-01 15:40:10,0
TXN10355,W0045,MERCH_99,MERCHANT,850.00,APP,2026-02-01 18:05:45,0
TXN10356,W0046,W0047,P2P,250.00,USSD,2026-02-02 09:30:12,0
TXN10357,W0047,AGENT_02,CASH_OUT,120.00,AGENT,2026-02-02 13:55:00,0
TXN10358,AGENT_07,W0050,CASH_IN,5000.00,AGENT,2026-02-02 17:10:35,0
TXN10359,W0050,W0051,P2P,2500.00,APP,2026-02-03 08:45:12,0
TXN10360,W0051,MERCH_10,MERCHANT,1200.00,APP,2026-02-03 13:20:10,0
TXN10361,W0055,W0056,P2P,450.00,USSD,2026-02-03 16:55:45,0
TXN10362,W0056,AGENT_05,CASH_OUT,200.00,AGENT,2026-02-04 10:05:12,0
TXN10363,AGENT_01,W0060,CASH_IN,1000.00,AGENT,2026-02-04 15:40:00,0
TXN10364,W0060,W0061,P2P,500.00,APP,2026-02-04 19:12:30,0
TXN10365,W0061,MERCH_05,MERCHANT,220.00,APP,2026-02-05 08:30:12,0
TXN10366,W0065,W0066,P2P,150.00,USSD,2026-02-05 12:55:00,0
TXN10367,W0066,AGENT_04,CASH_OUT,100.00,AGENT,2026-02-05 16:20:45,0
TXN10368,AGENT_09,W0070,CASH_IN,15000.00,AGENT,2026-02-06 09:15:12,0
TXN10369,W0070,W0071,P2P,8000.00,APP,2026-02-06 14:40:30,0
TXN10370,W0071,MERCH_22,MERCHANT,3500.00,APP,2026-02-06 18:10:00,0
TXN10371,W0075,W0080,P2P,4500.00,APP,2026-02-07 10:05:45,0
TXN10372,W0080,AGENT_09,CASH_OUT,2000.00,AGENT,2026-02-07 13:20:10,0
TXN10373,AGENT_02,W0081,CASH_IN,300.00,AGENT,2026-02-07 16:55:22,0
TXN10374,W0081,W0085,P2P,120.00,USSD,2026-02-08 09:30:12,0
TXN10375,W0085,MERCH_01,MERCHANT,45.00,APP,2026-02-08 14:50:00,0
TXN10376,W0088,W0089,P2P,2500.00,APP,2026-02-08 19:12:45,0
TXN10377,W0089,AGENT_03,CASH_OUT,1000.00,AGENT,2026-02-09 11:05:12,0
TXN10378,AGENT_01,W0090,CASH_IN,10000.00,AGENT,2026-02-09 15:30:35,0
TXN10379,W0090,W0091,P2P,8000.00,APP,2026-02-09 21:45:22,0
TXN10380,W0091,MERCH_99,MERCHANT,3500.00,APP,2026-02-10 08:10:12,0
TXN10381,W0100,W0101,P2P,120.00,USSD,2026-02-10 12:55:00,0
TXN10382,W0101,AGENT_05,CASH_OUT,50.00,AGENT,2026-02-10 16:20:45,0
TXN10383,AGENT_10,W0102,CASH_IN,3000.00,AGENT,2026-02-11 10:15:12,0
TXN10384,W0102,W0105,P2P,1500.00,APP,2026-02-11 15:40:30,0
TXN10385,W0105,MERCH_10,MERCHANT,450.00,APP,2026-02-11 18:10:00,0
TXN10386,W0110,W0111,P2P,2500.00,APP,2026-02-12 09:45:22,0
TXN10387,W0111,AGENT_01,CASH_OUT,1000.00,AGENT,2026-02-12 13:20:10,0
TXN10388,AGENT_04,W0115,CASH_IN,500.00,AGENT,2026-02-12 16:55:45,0
TXN10389,W0115,W0120,P2P,120.00,USSD,2026-02-13 08:30:12,0
TXN10390,W0120,MERCH_05,MERCHANT,45.00,APP,2026-02-13 11:20:30,0
TXN10391,W0121,W0122,P2P,5500.00,APP,2026-02-13 15:45:10,0
TXN10392,W0122,AGENT_02,CASH_OUT,2000.00,AGENT,2026-02-14 09:12:45,0
TXN10393,AGENT_05,W0125,CASH_IN,1000.00,AGENT,2026-02-14 13:30:00,0
TXN10394,W0125,W0130,P2P,500.00,APP,2026-02-14 17:15:22,0
TXN10395,W0130,MERCH_12,MERCHANT,120.00,USSD,2026-02-15 10:05:12,0
TXN10396,AGENT_01,W0135,CASH_IN,3000.00,AGENT,2026-02-15 14:40:35,0
TXN10397,W0135,W0140,P2P,1500.00,APP,2026-02-15 21:05:45,0
TXN10398,W0140,MERCH_99,MERCHANT,800.00,APP,2026-02-16 09:20:12,0
TXN10399,W0150,W0001,P2P,45000.00,APP,2026-02-16 03:00:10,1
TXN10400,W0150,W0002,P2P,45000.00,APP,2026-02-16 03:05:45,1
TXN10401,W0150,W0003,P2P,45000.00,APP,2026-02-16 03:10:22,1
TXN10402,AGENT_03,W0004,CASH_IN,500.00,AGENT,2026-02-16 11:30:00,0
TXN10403,W0004,AGENT_03,CASH_OUT,200.00,AGENT,2026-02-16 16:50:12,0
TXN10404,W0005,W0006,P2P,1200.00,APP,2026-02-17 10:15:45,0
TXN10405,W0006,MERCH_10,MERCHANT,450.00,APP,2026-02-17 14:40:10,0
TXN10406,W0007,W0012,P2P,250.00,USSD,2026-02-17 18:10:35,0
TXN10407,W0012,AGENT_01,CASH_OUT,100.00,AGENT,2026-02-18 09:20:12,0
TXN10408,AGENT_10,W0015,CASH_IN,1000.00,AGENT,2026-02-18 14:50:00,0
TXN10409,W0015,W0020,P2P,500.00,APP,2026-02-18 19:12:30,0
TXN10410,W0020,MERCH_05,MERCHANT,220.00,APP,2026-02-19 11:05:45,0
TXN10411,W0021,W0022,P2P,150.00,USSD,2026-02-19 15:30:10,0
TXN10412,W0022,AGENT_05,CASH_OUT,50.00,AGENT,2026-02-19 21:45:22,0
TXN10413,AGENT_02,W0023,CASH_IN,3000.00,AGENT,2026-02-20 08:10:12,0
TXN10414,W0023,W0025,P2P,1500.00,APP,2026-02-20 12:55:00,0
TXN10415,W0025,MERCH_12,MERCHANT,450.00,APP,2026-02-20 16:20:45,0
TXN10416,W0030,W0031,P2P,2500.00,APP,2026-02-21 10:15:12,0
TXN10417,W0031,AGENT_01,CASH_OUT,1000.00,AGENT,2026-02-21 15:40:30,0
TXN10418,AGENT_04,W0035,CASH_IN,500.00,AGENT,2026-02-21 18:10:00,0
TXN10419,W0035,W0040,P2P,120.00,USSD,2026-02-22 09:45:22,0
TXN10420,W0040,MERCH_01,MERCHANT,45.00,APP,2026-02-22 13:20:10,0
TXN10421,W0041,W0045,P2P,12000.00,APP,2026-02-22 16:55:45,0
TXN10422,W0045,AGENT_06,CASH_OUT,5000.00,AGENT,2026-02-23 08:30:12,0
TXN10423,AGENT_01,W0046,CASH_IN,2000.00,AGENT,2026-02-23 11:45:00,0
TXN10424,W0046,W0047,P2P,1000.00,APP,2026-02-23 15:30:10,0
TXN10425,W0047,MERCH_12,MERCHANT,120.00,USSD,2026-02-23 18:55:35,0
TXN10426,AGENT_05,W0050,CASH_IN,1000.00,AGENT,2026-02-24 09:20:12,0
TXN10427,W0050,W0051,P2P,450.00,APP,2026-02-24 14:40:00,0
TXN10428,W0051,MERCH_05,MERCHANT,220.00,APP,2026-02-24 19:10:30,0
TXN10429,W0055,W0056,P2P,150.00,USSD,2026-02-25 08:05:45,0
TXN10430,W0056,AGENT_10,CASH_OUT,100.00,AGENT,2026-02-25 12:45:12,0
TXN10431,AGENT_02,W0060,CASH_IN,3000.00,AGENT,2026-02-25 16:30:00,0
TXN10432,W0060,W0061,P2P,1200.00,APP,2026-02-26 10:15:22,0
TXN10433,W0061,MERCH_99,MERCHANT,850.00,APP,2026-02-26 15:40:10,0
TXN10434,W0065,W0066,P2P,250.00,USSD,2026-02-26 18:05:45,0
TXN10435,W0066,AGENT_02,CASH_OUT,120.00,AGENT,2026-02-27 09:30:12,0
TXN10436,AGENT_07,W0070,CASH_IN,5000.00,AGENT,2026-02-27 13:55:00,0
TXN10437,W0070,W0071,P2P,2500.00,APP,2026-02-27 17:10:35,0
TXN10438,W0071,MERCH_10,MERCHANT,1200.00,APP,2026-02-28 08:45:12,0
TXN10439,W0075,W0080,P2P,450.00,USSD,2026-02-28 13:20:10,0
TXN10440,W0080,AGENT_05,CASH_OUT,200.00,AGENT,2026-02-28 16:55:45,0
TXN10441,AGENT_01,W0081,CASH_IN,1000.00,AGENT,2026-03-01 10:05:12,0
TXN10442,W0081,W0085,P2P,500.00,APP,2026-03-01 15:40:00,0
TXN10443,W0085,MERCH_05,MERCHANT,220.00,APP,2026-03-01 19:12:30,0
TXN10444,W0088,W0089,P2P,150.00,USSD,2026-03-02 08:30:12,0
TXN10445,W0089,AGENT_04,CASH_OUT,100.00,AGENT,2026-03-02 12:55:00,0
TXN10446,AGENT_09,W0090,CASH_IN,15000.00,AGENT,2026-03-02 16:20:45,0
TXN10447,W0090,W0091,P2P,8000.00,APP,2026-03-03 09:15:12,0
TXN10448,W0091,MERCH_22,MERCHANT,3500.00,APP,2026-03-03 14:40:30,0
TXN10449,W0100,W0101,P2P,4500.00,APP,2026-03-03 18:10:00,0
TXN10450,W0101,AGENT_09,CASH_OUT,2000.00,AGENT,2026-03-04 10:05:45,0
TXN10451,AGENT_02,W0102,CASH_IN,300.00,AGENT,2026-03-04 13:20:10,0
TXN10452,W0102,W0105,P2P,120.00,USSD,2026-03-04 16:55:22,0
TXN10453,W0105,MERCH_01,MERCHANT,45.00,APP,2026-03-05 09:30:12,0
TXN10454,W0110,W0111,P2P,2500.00,APP,2026-03-05 14:50:00,0
TXN10455,W0111,AGENT_03,CASH_OUT,1000.00,AGENT,2026-03-05 19:12:45,0
TXN10456,AGENT_01,W0115,CASH_IN,10000.00,AGENT,2026-03-06 11:05:12,0
TXN10457,W0115,W0120,P2P,8000.00,APP,2026-03-06 15:30:35,0
TXN10458,W0120,MERCH_99,MERCHANT,3500.00,APP,2026-03-06 21:45:22,0
TXN10459,W0121,W0122,P2P,120.00,USSD,2026-03-07 08:10:12,0
TXN10460,W0122,AGENT_05,CASH_OUT,50.00,AGENT,2026-03-07 12:55:00,0
TXN10461,AGENT_10,W0125,CASH_IN,3000.00,AGENT,2026-03-07 16:20:45,0
TXN10462,W0125,W0130,P2P,1500.00,APP,2026-03-08 10:15:12,0
TXN10463,W0130,MERCH_10,MERCHANT,450.00,APP,2026-03-08 15:40:30,0
TXN10464,W0135,W0140,P2P,2500.00,APP,2026-03-08 18:10:00,0
TXN10465,W0140,AGENT_01,CASH_OUT,1000.00,AGENT,2026-03-09 09:45:22,0
TXN10466,AGENT_04,W0150,CASH_IN,500.00,AGENT,2026-03-09 13:20:10,0
TXN10467,W0150,W0001,P2P,120.00,USSD,2026-03-09 16:55:45,0
TXN10468,W0001,MERCH_05,MERCHANT,45.00,APP,2026-03-10 08:30:12,0
TXN10469,W0002,W0003,P2P,5500.00,APP,2026-03-10 11:20:30,0
TXN10470,W0003,AGENT_02,CASH_OUT,2000.00,AGENT,2026-03-10 15:45:10,0
TXN10471,AGENT_05,W0004,CASH_IN,1000.00,AGENT,2026-03-11 09:12:45,0
TXN10472,W0004,W0005,P2P,500.00,APP,2026-03-11 13:30:00,0
TXN10473,W0005,MERCH_12,MERCHANT,120.00,USSD,2026-03-11 17:15:22,0
TXN10474,AGENT_01,W0006,CASH_IN,3000.00,AGENT,2026-03-12 10:05:12,0
TXN10475,W0006,W0007,P2P,1500.00,APP,2026-03-12 14:40:35,0
TXN10476,W0007,MERCH_99,MERCHANT,800.00,APP,2026-03-12 21:05:45,0
TXN10477,W0012,W0015,P2P,45000.00,APP,2026-03-13 03:00:10,1
TXN10478,W0012,W0020,P2P,45000.00,APP,2026-03-13 03:05:45,1
TXN10479,W0012,W0021,P2P,45000.00,APP,2026-03-13 03:10:22,1
TXN10480,AGENT_03,W0022,CASH_IN,500.00,AGENT,2026-03-13 11:30:00,0
TXN10481,W0022,AGENT_03,CASH_OUT,200.00,AGENT,2026-03-13 16:50:12,0
TXN10482,W0023,W0025,P2P,1200.00,APP,2026-03-14 10:15:45,0
TXN10483,W0025,MERCH_10,MERCHANT,450.00,APP,2026-03-14 14:40:10,0
TXN10484,W0030,W0031,P2P,250.00,USSD,2026-03-14 18:10:35,0
TXN10485,W0031,AGENT_01,CASH_OUT,100.00,AGENT,2026-03-15 09:20:12,0
TXN10486,AGENT_10,W0035,CASH_IN,1000.00,AGENT,2026-03-15 14:50:00,0
TXN10487,W0035,W0040,P2P,500.00,APP,2026-03-15 19:12:30,0
TXN10488,W0040,MERCH_05,MERCHANT,220.00,APP,2026-03-16 11:05:45,0
TXN10489,W0041,W0045,P2P,150.00,USSD,2026-03-16 15:30:10,0
TXN10490,W0045,AGENT_05,CASH_OUT,50.00,AGENT,2026-03-16 21:45:22,0
TXN10491,AGENT_02,W0046,CASH_IN,3000.00,AGENT,2026-03-17 08:10:12,0
TXN10492,W0046,W0047,P2P,1500.00,APP,2026-03-17 12:55:00,0
TXN10493,W0047,MERCH_12,MERCHANT,450.00,APP,2026-03-17 16:20:45,0
TXN10494,W0050,W0051,P2P,2500.00,APP,2026-03-18 10:15:12,0
TXN10495,W0051,AGENT_01,CASH_OUT,1000.00,AGENT,2026-03-18 15:40:30,0
TXN10496,AGENT_04,W0055,CASH_IN,500.00,AGENT,2026-03-18 18:10:00,0
TXN10497,W0055,W0056,P2P,120.00,USSD,2026-03-19 09:45:22,0
TXN10498,W0056,MERCH_01,MERCHANT,45.00,APP,2026-03-19 13:20:10,0
TXN10499,W0060,W0061,P2P,12000.00,APP,2026-03-19 16:55:45,0
TXN10500,W0061,AGENT_06,CASH_OUT,5000.00,AGENT,2026-03-20 08:30:12,0
TXN10501,AGENT_01,W0065,CASH_IN,2000.00,AGENT,2026-03-20 11:45:00,0
TXN10502,W0065,W0066,P2P,1000.00,APP,2026-03-20 15:30:10,0
TXN10503,W0066,MERCH_12,MERCHANT,120.00,USSD,2026-03-20 18:55:35,0
TXN10504,AGENT_05,W0070,CASH_IN,1000.00,AGENT,2026-03-21 09:20:12,0
TXN10505,W0070,W0071,P2P,450.00,APP,2026-03-21 14:40:00,0
TXN10506,W0071,MERCH_05,MERCHANT,220.00,APP,2026-03-21 19:10:30,0
TXN10507,W0075,W0080,P2P,150.00,USSD,2026-03-22 08:05:45,0
TXN10508,W0080,AGENT_10,CASH_OUT,100.00,AGENT,2026-03-22 12:45:12,0
TXN10509,AGENT_02,W0081,CASH_IN,3000.00,AGENT,2026-03-22 16:30:00,0
TXN10510,W0081,W0085,P2P,1200.00,APP,2026-03-23 10:15:22,0
TXN10511,W0085,MERCH_99,MERCHANT,850.00,APP,2026-03-23 15:40:10,0
TXN10512,W0088,W0089,P2P,250.00,USSD,2026-03-23 18:05:45,0
TXN10513,W0089,AGENT_02,CASH_OUT,120.00,AGENT,2026-03-24 09:30:12,0
TXN10514,AGENT_07,W0090,CASH_IN,5000.00,AGENT,2026-03-24 13:55:00,0
TXN10515,W0090,W0091,P2P,2500.00,APP,2026-03-24 17:10:35,0
TXN10516,W0091,MERCH_10,MERCHANT,1200.00,APP,2026-03-25 08:45:12,0
TXN10517,W0100,W0101,P2P,450.00,USSD,2026-03-25 13:20:10,0
TXN10518,W0101,AGENT_05,CASH_OUT,200.00,AGENT,2026-03-25 16:55:45,0
TXN10519,AGENT_01,W0102,CASH_IN,1000.00,AGENT,2026-03-26 10:05:12,0
TXN10520,W0102,W0105,P2P,500.00,APP,2026-03-26 15:40:00,0
TXN10521,W0105,MERCH_05,MERCHANT,220.00,APP,2026-03-26 19:12:30,0
TXN10522,W0110,W0111,P2P,150.00,USSD,2026-03-27 08:30:12,0
TXN10523,W0111,AGENT_04,CASH_OUT,100.00,AGENT,2026-03-27 12:55:00,0
TXN10524,AGENT_09,W0115,CASH_IN,15000.00,AGENT,2026-03-27 16:20:45,0
TXN10525,W0115,W0120,P2P,8000.00,APP,2026-03-28 09:15:12,0
TXN10526,W0120,MERCH_22,MERCHANT,3500.00,APP,2026-03-28 14:40:30,0
TXN10527,W0121,W0122,P2P,4500.00,APP,2026-03-28 18:10:00,0
TXN10528,W0122,AGENT_09,CASH_OUT,2000.00,AGENT,2026-03-29 10:05:45,0
TXN10529,AGENT_02,W0125,CASH_IN,300.00,AGENT,2026-03-29 13:20:10,0
TXN10530,W0125,W0130,P2P,120.00,USSD,2026-03-29 16:55:22,0
TXN10531,W0130,MERCH_01,MERCHANT,45.00,APP,2026-03-30 09:30:12,0
TXN10532,W0135,W0140,P2P,2500.00,APP,2026-03-30 14:50:00,0
TXN10533,W0140,AGENT_03,CASH_OUT,1000.00,AGENT,2026-03-30 19:12:45,0
TXN10534,AGENT_01,W0150,CASH_IN,10000.00,AGENT,2026-03-31 11:05:12,0
TXN10535,W0150,W0001,P2P,8000.00,APP,2026-03-31 15:30:35,0
TXN10536,W0001,MERCH_99,MERCHANT,3500.00,APP,2026-03-31 21:45:22,0
TXN10537,W0002,W0003,P2P,120.00,USSD,2026-04-01 08:10:12,0
TXN10538,W0003,AGENT_05,CASH_OUT,50.00,AGENT,2026-04-01 12:55:00,0
TXN10539,AGENT_10,W0004,CASH_IN,3000.00,AGENT,2026-04-01 16:20:45,0
TXN10540,W0004,W0005,P2P,1500.00,APP,2026-04-02 10:15:12,0
TXN10541,W0005,MERCH_10,MERCHANT,450.00,APP,2026-04-02 15:40:30,0
TXN10542,W0006,W0007,P2P,2500.00,APP,2026-04-02 18:10:00,0
TXN10543,W0007,AGENT_01,CASH_OUT,1000.00,AGENT,2026-04-03 09:45:22,0
TXN10544,AGENT_04,W0012,CASH_IN,500.00,AGENT,2026-04-03 13:20:10,0
TXN10545,W0012,W0015,P2P,120.00,USSD,2026-04-03 16:55:45,0
TXN10546,W0015,MERCH_05,MERCHANT,45.00,APP,2026-04-04 08:30:12,0
TXN10547,W0020,W0021,P2P,5500.00,APP,2026-04-04 11:20:30,0
TXN10548,W0021,AGENT_02,CASH_OUT,2000.00,AGENT,2026-04-04 15:45:10,0
TXN10549,AGENT_05,W0022,CASH_IN,1000.00,AGENT,2026-04-05 09:12:45,0
TXN10550,W0022,W0023,P2P,500.00,APP,2026-04-05 13:30:00,0
TXN10551,W0023,MERCH_12,MERCHANT,120.00,USSD,2026-04-05 17:15:22,0
TXN10552,AGENT_01,W0025,CASH_IN,3000.00,AGENT,2026-04-06 10:05:12,0
TXN10553,W0025,W0030,P2P,1500.00,APP,2026-04-06 14:40:35,0
TXN10554,W0030,MERCH_99,MERCHANT,800.00,APP,2026-04-06 21:05:45,0
TXN10555,W0031,W0035,P2P,450.00,USSD,2026-04-07 09:20:12,0
TXN10556,W0035,AGENT_07,CASH_OUT,200.00,AGENT,2026-04-07 14:50:00,0
TXN10557,AGENT_10,W0040,CASH_IN,1000.00,AGENT,2026-04-07 19:12:30,0
TXN10558,W0040,W0041,P2P,500.00,APP,2026-04-08 11:05:45,0
TXN10559,W0041,MERCH_05,MERCHANT,220.00,APP,2026-04-08 15:30:10,0
TXN10560,W0045,W0046,P2P,150.00,USSD,2026-04-08 21:45:22,0
TXN10561,W0046,AGENT_05,CASH_OUT,50.00,AGENT,2026-04-09 08:10:12,0
TXN10562,AGENT_02,W0047,CASH_IN,3000.00,AGENT,2026-04-09 12:55:00,0
TXN10563,W0047,W0050,P2P,1500.00,APP,2026-04-09 16:20:45,0
TXN10564,W0050,MERCH_12,MERCHANT,450.00,APP,2026-04-10 10:15:12,0
TXN10565,W0051,W0055,P2P,2500.00,APP,2026-04-10 15:40:30,0
TXN10566,W0055,AGENT_01,CASH_OUT,1000.00,AGENT,2026-04-10 18:10:00,0
TXN10567,AGENT_04,W0056,CASH_IN,500.00,AGENT,2026-04-11 09:45:22,0
TXN10568,W0056,W0060,P2P,120.00,USSD,2026-04-11 13:20:10,0
TXN10569,W0060,MERCH_01,MERCHANT,45.00,APP,2026-04-11 16:55:45,0
TXN10570,W0061,W0065,P2P,12000.00,APP,2026-04-12 08:30:12,0
TXN10571,W0065,AGENT_06,CASH_OUT,5000.00,AGENT,2026-04-12 11:45:00,0
TXN10572,AGENT_01,W0066,CASH_IN,2000.00,AGENT,2026-04-12 15:30:10,0
TXN10573,W0066,W0070,P2P,1000.00,APP,2026-04-12 18:55:35,0
TXN10574,W0070,MERCH_12,MERCHANT,120.00,USSD,2026-04-13 09:20:12,0
TXN10575,W0099,W0101,P2P,49000.00,APP,2026-04-13 02:00:00,1
TXN10576,W0099,W0102,P2P,49000.00,APP,2026-04-13 02:02:15,1
TXN10577,W0099,W0105,P2P,49000.00,APP,2026-04-13 02:04:45,1
TXN10578,AGENT_05,W0071,CASH_IN,1000.00,AGENT,2026-04-13 14:40:00,0
TXN10579,W0071,W0075,P2P,450.00,APP,2026-04-13 19:10:30,0
TXN10580,W0075,MERCH_05,MERCHANT,220.00,APP,2026-04-14 08:05:45,0
TXN10581,W0080,W0081,P2P,150.00,USSD,2026-04-14 12:45:12,0
TXN10582,W0081,AGENT_10,CASH_OUT,100.00,AGENT,2026-04-14 16:30:00,0
TXN10583,AGENT_02,W0085,CASH_IN,3000.00,AGENT,2026-04-15 10:15:22,0
TXN10584,W0085,W0088,P2P,1200.00,APP,2026-04-15 15:40:10,0
TXN10585,W0088,MERCH_99,MERCHANT,850.00,APP,2026-04-15 18:05:45,0
TXN10586,W0089,W0090,P2P,250.00,USSD,2026-04-16 09:30:12,0
TXN10587,W0090,AGENT_02,CASH_OUT,120.00,AGENT,2026-04-16 13:55:00,0
TXN10588,AGENT_07,W0091,CASH_IN,5000.00,AGENT,2026-04-16 17:10:35,0
TXN10589,W0091,W0100,P2P,2500.00,APP,2026-04-17 08:45:12,0
TXN10590,W0100,MERCH_10,MERCHANT,1200.00,APP,2026-04-17 13:20:10,0
TXN10591,W0101,W0102,P2P,450.00,USSD,2026-04-17 16:55:45,0
TXN10592,W0102,AGENT_05,CASH_OUT,200.00,AGENT,2026-04-18 10:05:12,0
TXN10593,AGENT_01,W0105,CASH_IN,1000.00,AGENT,2026-04-18 15:40:00,0
TXN10594,W0105,W0110,P2P,500.00,APP,2026-04-18 19:12:30,0
TXN10595,W0110,MERCH_05,MERCHANT,220.00,APP,2026-04-19 08:30:12,0
TXN10596,W0111,W0115,P2P,150.00,USSD,2026-04-19 12:55:00,0
TXN10597,W0115,AGENT_04,CASH_OUT,100.00,AGENT,2026-04-19 16:20:45,0
TXN10598,AGENT_09,W0120,CASH_IN,15000.00,AGENT,2026-04-20 09:15:12,0
TXN10599,W0120,W0121,P2P,8000.00,APP,2026-04-20 14:40:30,0
TXN10600,W0121,MERCH_22,MERCHANT,3500.00,APP,2026-04-20 18:10:00,0
TXN10601,W0122,W0125,P2P,4500.00,APP,2026-04-21 10:05:45,0
TXN10602,W0125,AGENT_09,CASH_OUT,2000.00,AGENT,2026-04-21 13:20:10,0
TXN10603,AGENT_02,W0130,CASH_IN,300.00,AGENT,2026-04-21 16:55:22,0
TXN10604,W0130,W0135,P2P,120.00,USSD,2026-04-22 09:30:12,0
TXN10605,W0135,MERCH_01,MERCHANT,45.00,APP,2026-04-22 14:50:00,0
TXN10606,W0140,W0150,P2P,2500.00,APP,2026-04-22 19:12:45,0
TXN10607,W0150,AGENT_03,CASH_OUT,1000.00,AGENT,2026-04-23 11:05:12,0
TXN10608,AGENT_01,W0001,CASH_IN,10000.00,AGENT,2026-04-23 15:30:35,0
TXN10609,W0001,W0002,P2P,8000.00,APP,2026-04-23 21:45:22,0
TXN10610,W0002,MERCH_99,MERCHANT,3500.00,APP,2026-04-24 08:10:12,0
TXN10611,W0003,W0004,P2P,120.00,USSD,2026-04-24 12:55:00,0
TXN10612,W0004,AGENT_05,CASH_OUT,50.00,AGENT,2026-04-24 16:20:45,0
TXN10613,AGENT_10,W0005,CASH_IN,3000.00,AGENT,2026-04-25 10:15:12,0
TXN10614,W0005,W0006,P2P,1500.00,APP,2026-04-25 15:40:30,0
TXN10615,W0006,MERCH_10,MERCHANT,450.00,APP,2026-04-25 18:10:00,0
TXN10616,W0007,W0012,P2P,2500.00,APP,2026-04-26 09:45:22,0
TXN10617,W0012,AGENT_01,CASH_OUT,1000.00,AGENT,2026-04-26 13:20:10,0
TXN10618,AGENT_04,W0015,CASH_IN,500.00,AGENT,2026-04-26 16:55:45,0
TXN10619,W0015,W0020,P2P,120.00,USSD,2026-04-27 08:30:12,0
TXN10620,W0020,MERCH_05,MERCHANT,45.00,APP,2026-04-27 11:20:30,0
TXN10621,W0021,W0022,P2P,5500.00,APP,2026-04-27 15:45:10,0
TXN10622,W0022,AGENT_02,CASH_OUT,2000.00,AGENT,2026-04-28 09:12:45,0
TXN10623,AGENT_05,W0023,CASH_IN,1000.00,AGENT,2026-04-28 13:30:00,0
TXN10624,W0023,W0025,P2P,500.00,APP,2026-04-28 17:15:22,0
TXN10625,W0025,MERCH_12,MERCHANT,120.00,USSD,2026-04-29 10:05:12,0
TXN10626,AGENT_01,W0030,CASH_IN,3000.00,AGENT,2026-04-29 14:40:35,0
TXN10627,W0030,W0031,P2P,1500.00,APP,2026-04-29 21:05:45,0
TXN10628,W0031,MERCH_99,MERCHANT,800.00,APP,2026-04-30 09:20:12,0
TXN10629,W0035,AGENT_07,CASH_OUT,200.00,AGENT,2026-04-30 14:50:00,0
TXN10630,W0500,W0001,P2P,50.00,APP,2026-05-01 09:00:00,1
TXN10631,W0500,W0002,P2P,50.00,APP,2026-05-01 09:01:00,1
TXN10632,W0500,W0003,P2P,50.00,APP,2026-05-01 09:02:00,1
TXN10633,W0500,W0004,P2P,50.00,APP,2026-05-01 09:03:00,1
TXN10634,W0500,W0005,P2P,50.00,APP,2026-05-01 09:04:00,1
TXN10635,W0500,W0006,P2P,50.00,APP,2026-05-01 09:05:00,1
TXN10636,AGENT_10,W0035,CASH_IN,1000.00,AGENT,2026-05-01 19:12:30,0
TXN10637,W0040,W0041,P2P,500.00,APP,2026-05-02 11:05:45,0
TXN10638,W0041,MERCH_05,MERCHANT,220.00,APP,2026-05-02 15:30:10,0
TXN10639,W0045,W0046,P2P,150.00,USSD,2026-05-02 21:45:22,0
TXN10640,W0046,AGENT_05,CASH_OUT,50.00,AGENT,2026-05-03 08:10:12,0
TXN10641,AGENT_02,W0047,CASH_IN,3000.00,AGENT,2026-05-03 12:55:00,0
TXN10642,W0047,W0050,P2P,1500.00,APP,2026-05-03 16:20:45,0
TXN10643,W0050,MERCH_12,MERCHANT,450.00,APP,2026-05-04 10:15:12,0
TXN10644,W0051,W0055,P2P,2500.00,APP,2026-05-04 15:40:30,0
TXN10645,W0055,AGENT_01,CASH_OUT,1000.00,AGENT,2026-05-04 18:10:00,0
TXN10646,AGENT_04,W0056,CASH_IN,500.00,AGENT,2026-05-05 09:45:22,0
TXN10647,W0056,W0060,P2P,120.00,USSD,2026-05-05 13:20:10,0
TXN10648,W0060,MERCH_01,MERCHANT,45.00,APP,2026-05-05 16:55:45,0
TXN10649,W0061,W0065,P2P,12000.00,APP,2026-05-06 08:30:12,0
TXN10650,W0065,AGENT_06,CASH_OUT,5000.00,AGENT,2026-05-06 11:45:00,0
TXN10651,AGENT_01,W0066,CASH_IN,2000.00,AGENT,2026-05-06 15:30:10,0
TXN10652,W0066,W0070,P2P,1000.00,APP,2026-05-06 18:55:35,0
TXN10653,W0070,MERCH_12,MERCHANT,120.00,USSD,2026-05-07 09:20:12,0
TXN10654,AGENT_05,W0071,CASH_IN,1000.00,AGENT,2026-05-07 14:40:00,0
TXN10655,W0071,W0075,P2P,450.00,APP,2026-05-07 19:10:30,0
TXN10656,W0075,MERCH_05,MERCHANT,220.00,APP,2026-05-08 08:05:45,0
TXN10657,W0080,W0081,P2P,150.00,USSD,2026-05-08 12:45:12,0
TXN10658,W0081,AGENT_10,CASH_OUT,100.00,AGENT,2026-05-08 16:30:00,0
TXN10659,AGENT_02,W0085,CASH_IN,3000.00,AGENT,2026-05-09 10:15:22,0
TXN10660,W0085,W0088,P2P,1200.00,APP,2026-05-09 15:40:10,0
TXN10661,W0088,MERCH_99,MERCHANT,850.00,APP,2026-05-09 18:05:45,0
TXN10662,W0089,W0090,P2P,250.00,USSD,2026-05-10 09:30:12,0
TXN10663,W0090,AGENT_02,CASH_OUT,120.00,AGENT,2026-05-10 13:55:00,0
TXN10664,AGENT_07,W0091,CASH_IN,5000.00,AGENT,2026-05-10 17:10:35,0
TXN10665,W0091,W0100,P2P,2500.00,APP,2026-05-11 08:45:12,0
TXN10666,W0100,MERCH_10,MERCHANT,1200.00,APP,2026-05-11 13:20:10,0
TXN10667,W0101,W0102,P2P,450.00,USSD,2026-05-11 16:55:45,0
TXN10668,W0102,AGENT_05,CASH_OUT,200.00,AGENT,2026-05-12 10:05:12,0
TXN10669,AGENT_01,W0105,CASH_IN,1000.00,AGENT,2026-05-12 15:40:00,0
TXN10670,W0105,W0110,P2P,500.00,APP,2026-05-12 19:12:30,0
TXN10671,W0110,MERCH_05,MERCHANT,220.00,APP,2026-05-13 08:30:12,0
TXN10672,W0111,W0115,P2P,150.00,USSD,2026-05-13 12:55:00,0
TXN10673,W0115,AGENT_04,CASH_OUT,100.00,AGENT,2026-05-13 16:20:45,0
TXN10674,AGENT_09,W0120,CASH_IN,15000.00,AGENT,2026-05-14 09:15:12,0
TXN10675,W0120,W0121,P2P,8000.00,APP,2026-05-14 14:40:30,0
TXN10676,W0121,MERCH_22,MERCHANT,3500.00,APP,2026-05-14 18:10:00,0
TXN10677,W0122,W0125,P2P,4500.00,APP,2026-05-15 10:05:45,0
TXN10678,W0125,AGENT_09,CASH_OUT,2000.00,AGENT,2026-05-15 13:20:10,0
TXN10679,AGENT_02,W0130,CASH_IN,300.00,AGENT,2026-05-15 16:55:22,0
TXN10680,W0130,W0135,P2P,120.00,USSD,2026-05-16 09:30:12,0
TXN10681,W0135,MERCH_01,MERCHANT,45.00,APP,2026-05-16 14:50:00,0
TXN10682,W0140,W0150,P2P,2500.00,APP,2026-05-16 19:12:45,0
TXN10683,W0150,AGENT_03,CASH_OUT,1000.00,AGENT,2026-05-17 11:05:12,0
TXN10684,AGENT_01,W0001,CASH_IN,10000.00,AGENT,2026-05-17 15:30:35,0
TXN10685,W0001,W0002,P2P,8000.00,APP,2026-05-17 21:45:22,0
TXN10686,W0002,MERCH_99,MERCHANT,3500.00,APP,2026-05-18 08:10:12,0
TXN10687,W0003,W0004,P2P,120.00,USSD,2026-05-18 12:55:00,0
TXN10688,W0004,AGENT_05,CASH_OUT,50.00,AGENT,2026-05-18 16:20:45,0
TXN10689,AGENT_10,W0005,CASH_IN,3000.00,AGENT,2026-05-19 10:15:12,0
TXN10690,W0005,W0006,P2P,1500.00,APP,2026-05-19 15:40:30,0
TXN10691,W0006,MERCH_10,MERCHANT,450.00,APP,2026-05-19 18:10:00,0
TXN10692,W0007,W0012,P2P,2500.00,APP,2026-05-20 09:45:22,0
TXN10693,W0012,AGENT_01,CASH_OUT,1000.00,AGENT,2026-05-20 13:20:10,0
TXN10694,AGENT_04,W0015,CASH_IN,500.00,AGENT,2026-05-20 16:55:45,0
TXN10695,W0015,W0020,P2P,120.00,USSD,2026-05-21 08:30:12,0
TXN10696,W0020,MERCH_05,MERCHANT,45.00,APP,2026-05-21 11:20:30,0
TXN10697,W0021,W0022,P2P,5500.00,APP,2026-05-21 15:45:10,0
TXN10698,W0022,AGENT_02,CASH_OUT,2000.00,AGENT,2026-05-22 09:12:45,0
TXN10699,AGENT_05,W0023,CASH_IN,1000.00,AGENT,2026-05-22 13:30:00,0
TXN10700,W0023,W0025,P2P,500.00,APP,2026-05-22 17:15:22,0
TXN10701,W0025,MERCH_12,MERCHANT,120.00,USSD,2026-05-23 10:05:12,0
TXN10702,AGENT_01,W0030,CASH_IN,3000.00,AGENT,2026-05-23 14:40:35,0
TXN10703,W0030,W0031,P2P,1500.00,APP,2026-05-23 21:05:45,0
TXN10704,W0031,MERCH_99,MERCHANT,800.00,APP,2026-05-24 09:20:12,0
TXN10705,W0035,AGENT_07,CASH_OUT,200.00,AGENT,2026-05-24 14:50:00,0
TXN10706,AGENT_10,W0040,CASH_IN,1000.00,AGENT,2026-05-24 19:12:30,0
TXN10707,W0040,W0041,P2P,500.00,APP,2026-05-25 11:05:45,0
TXN10708,W0041,MERCH_05,MERCHANT,220.00,APP,2026-05-25 15:30:10,0
TXN10709,W0045,W0046,P2P,150.00,USSD,2026-05-25 21:45:22,0
TXN10710,W0046,AGENT_05,CASH_OUT,50.00,AGENT,2026-05-26 08:10:12,0
TXN10711,AGENT_02,W0047,CASH_IN,3000.00,AGENT,2026-05-26 12:55:00,0
TXN10712,W0047,W0050,P2P,1500.00,APP,2026-05-26 16:20:45,0
TXN10713,W0050,MERCH_12,MERCHANT,450.00,APP,2026-05-27 10:15:12,0
TXN10714,W0051,W0055,P2P,2500.00,APP,2026-05-27 15:40:30,0
TXN10715,W0055,AGENT_01,CASH_OUT,1000.00,AGENT,2026-05-27 18:10:00,0
TXN10716,AGENT_04,W0056,CASH_IN,500.00,AGENT,2026-05-28 09:45:22,0
TXN10717,W0056,W0060,P2P,120.00,USSD,2026-05-28 13:20:10,0
TXN10718,W0060,MERCH_01,MERCHANT,45.00,APP,2026-05-28 16:55:45,0
TXN10719,W0061,W0065,P2P,12000.00,APP,2026-05-29 08:30:12,0
TXN10720,W0065,AGENT_06,CASH_OUT,5000.00,AGENT,2026-05-29 11:45:00,0
TXN10721,AGENT_01,W0066,CASH_IN,2000.00,AGENT,2026-05-29 15:30:10,0
TXN10722,W0066,W0070,P2P,1000.00,APP,2026-05-29 18:55:35,0
TXN10723,W0070,MERCH_12,MERCHANT,120.00,USSD,2026-05-30 09:20:12,0
TXN10724,AGENT_05,W0071,CASH_IN,1000.00,AGENT,2026-05-30 14:40:00,0
TXN10725,W0071,W0075,P2P,450.00,APP,2026-05-30 19:10:30,0
TXN10726,W0075,MERCH_05,MERCHANT,220.00,APP,2026-05-31 08:05:45,0
TXN10727,W0080,W0081,P2P,150.00,USSD,2026-05-31 12:45:12,0
TXN10728,W0081,AGENT_10,CASH_OUT,100.00,AGENT,2026-05-31 16:30:00,0
TXN10729,AGENT_02,W0085,CASH_IN,3000.00,AGENT,2026-06-01 10:15:22,0
TXN10730,W0085,W0088,P2P,1200.00,APP,2026-06-01 15:40:10,0
TXN10731,W0088,MERCH_99,MERCHANT,850.00,APP,2026-06-01 18:05:45,0
TXN10732,W0089,W0090,P2P,250.00,USSD,2026-06-02 09:30:12,0
TXN10733,W0090,AGENT_02,CASH_OUT,120.00,AGENT,2026-06-02 13:55:00,0
TXN10734,AGENT_07,W0091,CASH_IN,5000.00,AGENT,2026-06-02 17:10:35,0
TXN10735,W0091,W0100,P2P,2500.00,APP,2026-06-03 08:45:12,0
TXN10736,W0100,MERCH_10,MERCHANT,1200.00,APP,2026-06-03 13:20:10,0
TXN10737,W0101,W0102,P2P,450.00,USSD,2026-06-03 16:55:45,0
TXN10738,W0102,AGENT_05,CASH_OUT,200.00,AGENT,2026-06-04 10:05:12,0
TXN10739,AGENT_01,W0105,CASH_IN,1000.00,AGENT,2026-06-04 15:40:00,0
TXN10740,W0105,W0110,P2P,500.00,APP,2026-06-04 19:12:30,0
TXN10741,W0110,MERCH_05,MERCHANT,220.00,APP,2026-06-05 08:30:12,0
TXN10742,W0111,W0115,P2P,150.00,USSD,2026-06-05 12:55:00,0
TXN10743,W0115,AGENT_04,CASH_OUT,100.00,AGENT,2026-06-05 16:20:45,0
TXN10744,AGENT_09,W0120,CASH_IN,15000.00,AGENT,2026-06-06 09:15:12,0
TXN10745,W0120,W0121,P2P,8000.00,APP,2026-06-06 14:40:30,0
TXN10746,W0121,MERCH_22,MERCHANT,3500.00,APP,2026-06-06 18:10:00,0
TXN10747,W0122,W0125,P2P,4500.00,APP,2026-06-07 10:05:45,0
TXN10748,W0125,AGENT_09,CASH_OUT,2000.00,AGENT,2026-06-07 13:20:10,0
TXN10749,AGENT_02,W0130,CASH_IN,300.00,AGENT,2026-06-07 16:55:22,0
TXN10750,W0130,W0135,P2P,120.00,USSD,2026-06-08 09:30:12,0
TXN10751,W0135,MERCH_01,MERCHANT,45.00,APP,2026-06-08 14:50:00,0
TXN10752,W0140,W0150,P2P,2500.00,APP,2026-06-08 19:12:45,0
TXN10753,W0150,AGENT_03,CASH_OUT,1000.00,AGENT,2026-06-09 11:05:12,0
TXN10754,AGENT_01,W0001,CASH_IN,10000.00,AGENT,2026-06-09 15:30:35,0
TXN10755,W0001,W0002,P2P,8000.00,APP,2026-06-09 21:45:22,0
TXN10756,W0002,MERCH_99,MERCHANT,3500.00,APP,2026-06-10 08:10:12,0
TXN10757,W0003,W0004,P2P,120.00,USSD,2026-06-10 12:55:00,0
TXN10758,W0004,AGENT_05,CASH_OUT,50.00,AGENT,2026-06-10 16:20:45,0
TXN10759,AGENT_10,W0005,CASH_IN,3000.00,AGENT,2026-06-11 10:15:12,0
TXN10760,W0005,W0006,P2P,1500.00,APP,2026-06-11 15:40:30,0
TXN10761,W0006,MERCH_10,MERCHANT,450.00,APP,2026-06-11 18:10:00,0
TXN10762,W0007,W0012,P2P,2500.00,APP,2026-06-12 09:45:22,0
TXN10763,W0012,AGENT_01,CASH_OUT,1000.00,AGENT,2026-06-12 13:20:10,0
TXN10764,AGENT_04,W0015,CASH_IN,500.00,AGENT,2026-06-12 16:55:45,0
TXN10765,W0015,W0020,P2P,120.00,USSD,2026-06-13 08:30:12,0
TXN10766,W0020,MERCH_05,MERCHANT,45.00,APP,2026-06-13 11:20:30,0
TXN10767,W0021,W0022,P2P,5500.00,APP,2026-06-13 15:45:10,0
TXN10768,W0022,AGENT_02,CASH_OUT,2000.00,AGENT,2026-06-14 09:12:45,0
TXN10769,AGENT_05,W0023,CASH_IN,1000.00,AGENT,2026-06-14 13:30:00,0
TXN10770,W0023,W0025,P2P,500.00,APP,2026-06-14 17:15:22,0
TXN10771,W0025,MERCH_12,MERCHANT,120.00,USSD,2026-06-15 10:05:12,0
TXN10772,AGENT_01,W0030,CASH_IN,3000.00,AGENT,2026-06-15 14:40:35,0
TXN10773,W0030,W0031,P2P,1500.00,APP,2026-06-15 21:05:45,0
TXN10774,W0031,MERCH_99,MERCHANT,800.00,APP,2026-06-16 09:20:12,0
TXN10775,W0035,AGENT_07,CASH_OUT,200.00,AGENT,2026-06-16 14:50:00,0
TXN10776,AGENT_10,W0040,CASH_IN,1000.00,AGENT,2026-06-16 19:12:30,0
TXN10777,W0040,W0041,P2P,500.00,APP,2026-06-17 11:05:45,0
TXN10778,W0041,MERCH_05,MERCHANT,220.00,APP,2026-06-17 15:30:10,0
TXN10779,W0045,W0046,P2P,150.00,USSD,2026-06-17 21:45:22,0
TXN10780,W0046,AGENT_05,CASH_OUT,50.00,AGENT,2026-06-18 08:10:12,0
TXN10781,AGENT_02,W0047,CASH_IN,3000.00,AGENT,2026-06-18 12:55:00,0
TXN10782,W0047,W0050,P2P,1500.00,APP,2026-06-18 16:20:45,0
TXN10783,W0050,MERCH_12,MERCHANT,450.00,APP,2026-06-19 10:15:12,0
TXN10784,W0051,W0055,P2P,2500.00,APP,2026-06-19 15:40:30,0
TXN10785,W0055,AGENT_01,CASH_OUT,1000.00,AGENT,2026-06-19 18:10:00,0
TXN10786,AGENT_04,W0056,CASH_IN,500.00,AGENT,2026-06-20 09:45:22,0
TXN10787,W0056,W0060,P2P,120.00,USSD,2026-06-20 13:20:10,0
TXN10788,W0060,MERCH_01,MERCHANT,45.00,APP,2026-06-20 16:55:45,0
TXN10789,W0061,W0065,P2P,12000.00,APP,2026-06-21 08:30:12,0
TXN10790,W0065,AGENT_06,CASH_OUT,5000.00,AGENT,2026-06-21 11:45:00,0
TXN10791,AGENT_01,W0066,CASH_IN,2000.00,AGENT,2026-06-21 15:30:10,0
TXN10792,W0066,W0070,P2P,1000.00,APP,2026-06-21 18:55:35,0
TXN10793,W0070,MERCH_12,MERCHANT,120.00,USSD,2026-06-22 09:20:12,0
TXN10794,AGENT_05,W0071,CASH_IN,1000.00,AGENT,2026-06-22 14:40:00,0
TXN10795,W0071,W0075,P2P,450.00,APP,2026-06-22 19:10:30,0
TXN10796,W0075,MERCH_05,MERCHANT,220.00,APP,2026-06-23 08:05:45,0
TXN10797,W0080,W0081,P2P,150.00,USSD,2026-06-23 12:45:12,0
TXN10798,W0081,AGENT_10,CASH_OUT,100.00,AGENT,2026-06-23 16:30:00,0
TXN10799,AGENT_02,W0085,CASH_IN,3000.00,AGENT,2026-06-24 10:15:22,0
TXN10800,W0085,W0088,P2P,1200.00,APP,2026-06-24 15:40:10,0
TXN10801,W0088,MERCH_10,MERCHANT,450.00,APP,2026-06-24 21:05:45,0
TXN10802,W0089,W0090,P2P,250.00,USSD,2026-06-25 09:30:12,0
TXN10803,W0090,AGENT_02,CASH_OUT,120.00,AGENT,2026-06-25 13:55:00,0
TXN10804,AGENT_07,W0091,CASH_IN,5000.00,AGENT,2026-06-25 17:10:35,0
TXN10805,W0091,W0100,P2P,2500.00,APP,2026-06-26 08:45:12,0
TXN10806,W0100,MERCH_10,MERCHANT,1200.00,APP,2026-06-26 13:20:10,0
TXN10807,W0101,W0102,P2P,450.00,USSD,2026-06-26 16:55:45,0
TXN10808,W0102,AGENT_05,CASH_OUT,200.00,AGENT,2026-06-27 10:05:12,0
TXN10809,AGENT_01,W0105,CASH_IN,1000.00,AGENT,2026-06-27 15:40:00,0
TXN10810,W0105,W0110,P2P,500.00,APP,2026-06-27 19:12:30,0
TXN10811,W0110,MERCH_05,MERCHANT,220.00,APP,2026-06-28 08:30:12,0
TXN10812,W0111,W0115,P2P,150.00,USSD,2026-06-28 12:55:00,0
TXN10813,W0115,AGENT_04,CASH_OUT,100.00,AGENT,2026-06-28 16:20:45,0
TXN10814,AGENT_09,W0120,CASH_IN,15000.00,AGENT,2026-06-29 09:15:12,0
TXN10815,W0120,W0121,P2P,8000.00,APP,2026-06-29 14:40:30,0
TXN10816,W0121,MERCH_22,MERCHANT,3500.00,APP,2026-06-29 18:10:00,0
TXN10817,W0122,W0125,P2P,4500.00,APP,2026-06-30 10:05:45,0
TXN10818,W0125,AGENT_09,CASH_OUT,2000.00,AGENT,2026-06-30 13:20:10,0
TXN10819,AGENT_02,W0130,CASH_IN,300.00,AGENT,2026-06-30 16:55:22,0
TXN10820,W0130,W0135,P2P,120.00,USSD,2026-07-01 09:30:12,0
TXN10821,W0135,MERCH_01,MERCHANT,45.00,APP,2026-07-01 14:50:00,0
TXN10822,W0140,W0150,P2P,2500.00,APP,2026-07-01 19:12:45,0
TXN10823,W0150,AGENT_03,CASH_OUT,1000.00,AGENT,2026-07-02 11:05:12,0
TXN10824,AGENT_01,W0001,CASH_IN,10000.00,AGENT,2026-07-02 15:30:35,0
TXN10825,W0001,W0002,P2P,8000.00,APP,2026-07-02 21:45:22,0
TXN10826,W0002,MERCH_99,MERCHANT,3500.00,APP,2026-07-03 08:10:12,0
TXN10827,W0003,W0004,P2P,120.00,USSD,2026-07-03 12:55:00,0
TXN10828,W0004,AGENT_05,CASH_OUT,50.00,AGENT,2026-07-03 16:20:45,0
TXN10829,AGENT_10,W0005,CASH_IN,3000.00,AGENT,2026-07-04 10:15:12,0
TXN10830,W0005,W0006,P2P,1500.00,APP,2026-07-04 15:40:30,0
TXN10831,W0006,MERCH_10,MERCHANT,450.00,APP,2026-07-04 18:10:00,0
TXN10832,W0007,W0012,P2P,2500.00,APP,2026-07-05 09:45:22,0
TXN10833,W0012,AGENT_01,CASH_OUT,1000.00,AGENT,2026-07-05 13:20:10,0
TXN10834,AGENT_04,W0015,CASH_IN,500.00,AGENT,2026-07-05 16:55:45,0
TXN10835,W0015,W0020,P2P,120.00,USSD,2026-07-06 08:30:12,0
TXN10836,W0020,MERCH_05,MERCHANT,45.00,APP,2026-07-06 11:20:30,0
TXN10837,W0021,W0022,P2P,5500.00,APP,2026-07-06 15:45:10,0
TXN10838,W0022,AGENT_02,CASH_OUT,2000.00,AGENT,2026-07-07 09:12:45,0
TXN10839,AGENT_05,W0023,CASH_IN,1000.00,AGENT,2026-07-07 13:30:00,0
TXN10840,W0023,W0025,P2P,500.00,APP,2026-07-07 17:15:22,0
TXN10841,W0025,MERCH_12,MERCHANT,120.00,USSD,2026-07-08 10:05:12,0
TXN10842,AGENT_01,W0030,CASH_IN,3000.00,AGENT,2026-07-08 14:40:35,0
TXN10843,W0030,W0031,P2P,1500.00,APP,2026-07-08 21:05:45,0
TXN10844,W0031,MERCH_99,MERCHANT,800.00,APP,2026-07-09 09:20:12,0
TXN10845,W0035,AGENT_07,CASH_OUT,200.00,AGENT,2026-07-09 14:50:00,0
TXN10846,AGENT_10,W0040,CASH_IN,1000.00,AGENT,2026-07-09 19:12:30,0
TXN10847,W0040,W0041,P2P,500.00,APP,2026-07-10 11:05:45,0
TXN10848,W0041,MERCH_05,MERCHANT,220.00,APP,2026-07-10 15:30:10,0
TXN10849,W0045,W0046,P2P,150.00,USSD,2026-07-10 21:45:22,0
TXN10850,W0046,AGENT_05,CASH_OUT,50.00,AGENT,2026-07-11 08:10:12,0
TXN10851,AGENT_02,W0047,CASH_IN,3000.00,AGENT,2026-07-11 12:55:00,0
TXN10852,W0047,W0050,P2P,1500.00,APP,2026-07-11 16:20:45,0
TXN10853,W0050,MERCH_12,MERCHANT,450.00,APP,2026-07-12 10:15:12,0
TXN10854,W0051,W0055,P2P,2500.00,APP,2026-07-12 15:40:30,0
TXN10855,W0055,AGENT_01,CASH_OUT,1000.00,AGENT,2026-07-12 18:10:00,0
TXN10856,AGENT_04,W0056,CASH_IN,500.00,AGENT,2026-07-13 09:45:22,0
TXN10857,W0056,W0060,P2P,120.00,USSD,2026-07-13 13:20:10,0
TXN10858,W0060,MERCH_01,MERCHANT,45.00,APP,2026-07-13 16:55:45,0
TXN10859,W0061,W0065,P2P,12000.00,APP,2026-07-14 08:30:12,0
TXN10860,W0065,AGENT_06,CASH_OUT,5000.00,AGENT,2026-07-14 11:45:00,0
TXN10861,AGENT_01,W0066,CASH_IN,2000.00,AGENT,2026-07-14 15:30:10,0
TXN10862,W0066,W0070,P2P,1000.00,APP,2026-07-14 18:55:35,0
TXN10863,W0070,MERCH_12,MERCHANT,120.00,USSD,2026-07-15 09:20:12,0
TXN10864,AGENT_05,W0071,CASH_IN,1000.00,AGENT,2026-07-15 14:40:00,0
TXN10865,W0071,W0075,P2P,450.00,APP,2026-07-15 19:10:30,0
TXN10866,W0075,MERCH_05,MERCHANT,220.00,APP,2026-07-16 08:05:45,0
TXN10867,W0080,W0081,P2P,150.00,USSD,2026-07-16 12:45:12,0
TXN10868,W0081,AGENT_10,CASH_OUT,100.00,AGENT,2026-07-16 16:30:00,0
TXN10869,AGENT_02,W0085,CASH_IN,3000.00,AGENT,2026-07-17 10:15:22,0
TXN10870,W0085,W0088,P2P,1200.00,APP,2026-07-17 15:40:10,0
TXN10871,W0088,MERCH_99,MERCHANT,850.00,APP,2026-07-17 18:05:45,0
TXN10872,W0089,W0090,P2P,250.00,USSD,2026-07-18 09:30:12,0
TXN10873,W0090,AGENT_02,CASH_OUT,120.00,AGENT,2026-07-18 13:55:00,0
TXN10874,AGENT_07,W0091,CASH_IN,5000.00,AGENT,2026-07-18 17:10:35,0
TXN10875,W0091,W0100,P2P,2500.00,APP,2026-07-19 08:45:12,0
TXN10876,W0100,MERCH_10,MERCHANT,1200.00,APP,2026-07-19 13:20:10,0
TXN10877,W0101,W0102,P2P,450.00,USSD,2026-07-19 16:55:45,0
TXN10878,W0102,AGENT_05,CASH_OUT,200.00,AGENT,2026-07-20 10:05:12,0
TXN10879,AGENT_01,W0105,CASH_IN,1000.00,AGENT,2026-07-20 15:40:00,0
TXN10880,W0105,W0110,P2P,500.00,APP,2026-07-20 19:12:30,0
TXN10881,W0110,MERCH_05,MERCHANT,220.00,APP,2026-07-21 08:30:12,0
TXN10882,W0111,W0115,P2P,150.00,USSD,2026-07-21 12:55:00,0
TXN10883,W0115,AGENT_04,CASH_OUT,100.00,AGENT,2026-07-21 16:20:45,0
TXN10884,AGENT_09,W0120,CASH_IN,15000.00,AGENT,2026-07-22 09:15:12,0
TXN10885,W0120,W0121,P2P,8000.00,APP,2026-07-22 14:40:30,0
TXN10886,W0121,MERCH_22,MERCHANT,3500.00,APP,2026-07-22 18:10:00,0
TXN10887,W0122,W0125,P2P,4500.00,APP,2026-07-23 10:05:45,0
TXN10888,W0125,AGENT_09,CASH_OUT,2000.00,AGENT,2026-07-23 13:20:10,0
TXN10889,AGENT_02,W0130,CASH_IN,300.00,AGENT,2026-07-23 16:55:22,0
TXN10890,W0130,W0135,P2P,120.00,USSD,2026-07-24 09:30:12,0
TXN10891,W0135,MERCH_01,MERCHANT,45.00,APP,2026-07-24 14:50:00,0
TXN10892,W0140,W0150,P2P,2500.00,APP,2026-07-24 19:12:45,0
TXN10893,W0150,AGENT_03,CASH_OUT,1000.00,AGENT,2026-07-25 11:05:12,0
TXN10894,AGENT_01,W0001,CASH_IN,10000.00,AGENT,2026-07-25 15:30:35,0
TXN10895,W0001,W0002,P2P,8000.00,APP,2026-07-25 21:45:22,0
TXN10896,W0002,MERCH_99,MERCHANT,3500.00,APP,2026-07-26 08:10:12,0
TXN10897,W0003,W0004,P2P,120.00,USSD,2026-07-26 12:55:00,0
TXN10898,W0004,AGENT_05,CASH_OUT,50.00,AGENT,2026-07-26 16:20:45,0
TXN10899,AGENT_10,W0005,CASH_IN,3000.00,AGENT,2026-07-27 10:15:12,0
TXN10900,W0005,W0006,P2P,1500.00,APP,2026-07-27 15:40:30,0
TXN10901,W0006,MERCH_10,MERCHANT,450.00,APP,2026-07-27 18:10:00,0
TXN10902,W0007,W0012,P2P,2500.00,APP,2026-07-28 09:45:22,0
TXN10903,W0012,AGENT_01,CASH_OUT,1000.00,AGENT,2026-07-28 13:20:10,0
TXN10904,AGENT_04,W0015,CASH_IN,500.00,AGENT,2026-07-28 16:55:45,0
TXN10905,W0015,W0020,P2P,120.00,USSD,2026-07-29 08:30:12,0
TXN10906,W0020,MERCH_05,MERCHANT,45.00,APP,2026-07-29 11:20:30,0
TXN10907,W0021,W0022,P2P,5500.00,APP,2026-07-29 15:45:10,0
TXN10908,W0022,AGENT_02,CASH_OUT,2000.00,AGENT,2026-07-30 09:12:45,0
TXN10909,AGENT_05,W0023,CASH_IN,1000.00,AGENT,2026-07-30 13:30:00,0
TXN10910,W0023,W0025,P2P,500.00,APP,2026-07-30 17:15:22,0
TXN10911,W0025,MERCH_12,MERCHANT,120.00,USSD,2026-07-31 10:05:12,0
TXN10912,AGENT_01,W0030,CASH_IN,3000.00,AGENT,2026-07-31 14:40:35,0
TXN10913,W0030,W0031,P2P,1500.00,APP,2026-07-31 21:05:45,0
TXN10914,W0031,MERCH_99,MERCHANT,800.00,APP,2026-08-01 09:20:12,0
TXN10915,W0035,AGENT_07,CASH_OUT,200.00,AGENT,2026-08-01 14:50:00,0
TXN10916,AGENT_10,W0040,CASH_IN,1000.00,AGENT,2026-08-01 19:12:30,0
TXN10917,W0040,W0041,P2P,500.00,APP,2026-08-02 11:05:45,0
TXN10918,W0041,MERCH_05,MERCHANT,220.00,APP,2026-08-02 15:30:10,0
TXN10919,W0045,W0046,P2P,150.00,USSD,2026-08-02 21:45:22,0
TXN10920,W0046,AGENT_05,CASH_OUT,50.00,AGENT,2026-08-03 08:10:12,0
TXN10921,AGENT_02,W0047,CASH_IN,3000.00,AGENT,2026-08-03 12:55:00,0
TXN10922,W0047,W0050,P2P,1500.00,APP,2026-08-03 16:20:45,0
TXN10923,W0050,MERCH_12,MERCHANT,450.00,APP,2026-08-04 10:15:12,0
TXN10924,W0051,W0055,P2P,2500.00,APP,2026-08-04 15:40:30,0
TXN10925,W0055,AGENT_01,CASH_OUT,1000.00,AGENT,2026-08-04 18:10:00,0
TXN10926,AGENT_04,W0056,CASH_IN,500.00,AGENT,2026-08-05 09:45:22,0
TXN10927,W0056,W0060,P2P,120.00,USSD,2026-08-05 13:20:10,0
TXN10928,W0060,MERCH_01,MERCHANT,45.00,APP,2026-08-05 16:55:45,0
TXN10929,W0061,W0065,P2P,12000.00,APP,2026-08-06 08:30:12,0
TXN10930,W0065,AGENT_06,CASH_OUT,5000.00,AGENT,2026-08-06 11:45:00,0
TXN10931,AGENT_01,W0066,CASH_IN,2000.00,AGENT,2026-08-06 15:30:10,0
TXN10932,W0066,W0070,P2P,1000.00,APP,2026-08-06 18:55:35,0
TXN10933,W0070,MERCH_12,MERCHANT,120.00,USSD,2026-08-07 09:20:12,0
TXN10934,AGENT_05,W0071,CASH_IN,1000.00,AGENT,2026-08-07 14:40:00,0
TXN10935,W0071,W0075,P2P,450.00,APP,2026-08-07 19:10:30,0
TXN10936,W0075,MERCH_05,MERCHANT,220.00,APP,2026-08-08 08:05:45,0
TXN10937,W0080,W0081,P2P,150.00,USSD,2026-08-08 12:45:12,0
TXN10938,W0081,AGENT_10,CASH_OUT,100.00,AGENT,2026-08-08 16:30:00,0
TXN10939,AGENT_02,W0085,CASH_IN,3000.00,AGENT,2026-08-09 10:15:22,0
TXN10940,W0085,W0088,P2P,1200.00,APP,2026-08-09 15:40:10,0
TXN10941,W0088,MERCH_99,MERCHANT,850.00,APP,2026-08-09 18:05:45,0
TXN10942,W0089,W0090,P2P,250.00,USSD,2026-08-10 09:30:12,0
TXN10943,W0090,AGENT_02,CASH_OUT,120.00,AGENT,2026-08-10 13:55:00,0
TXN10944,AGENT_07,W0091,CASH_IN,5000.00,AGENT,2026-08-10 17:10:35,0
TXN10945,W0091,W0100,P2P,2500.00,APP,2026-08-11 08:45:12,0
TXN10946,W0100,MERCH_10,MERCHANT,1200.00,APP,2026-08-11 13:20:10,0
TXN10947,W0101,W0102,P2P,450.00,USSD,2026-08-11 16:55:45,0
TXN10948,W0102,AGENT_05,CASH_OUT,200.00,AGENT,2026-08-12 10:05:12,0
TXN10949,AGENT_01,W0105,CASH_IN,1000.00,AGENT,2026-08-12 15:40:00,0
TXN10950,W0777,W0888,P2P,100.00,APP,2026-08-13 10:00:00,1
TXN10951,W0778,W0888,P2P,100.00,APP,2026-08-13 10:05:00,1
TXN10952,W0779,W0888,P2P,100.00,APP,2026-08-13 10:10:00,1
TXN10953,W0780,W0888,P2P,100.00,APP,2026-08-13 10:15:00,1
TXN10954,W0781,W0888,P2P,100.00,APP,2026-08-13 10:20:00,1
TXN10955,W0782,W0888,P2P,100.00,APP,2026-08-13 10:25:00,1
TXN10956,W0783,W0888,P2P,100.00,APP,2026-08-13 10:30:00,1
TXN10957,W0784,W0888,P2P,100.00,APP,2026-08-13 10:35:00,1
TXN10958,W0785,W0888,P2P,100.00,APP,2026-08-13 10:40:00,1
TXN10959,W0786,W0888,P2P,100.00,APP,2026-08-13 10:45:00,1
TXN10960,W0888,MERCH_99,MERCHANT,1000.00,APP,2026-08-13 11:30:00,1
TXN10961,W0105,W0110,P2P,500.00,APP,2026-08-14 19:12:30,0
TXN10962,W0110,MERCH_05,MERCHANT,220.00,APP,2026-08-15 08:30:12,0
TXN10963,W0111,W0115,P2P,150.00,USSD,2026-08-15 12:55:00,0
TXN10964,W0115,AGENT_04,CASH_OUT,100.00,AGENT,2026-08-15 16:20:45,0
TXN10965,AGENT_09,W0120,CASH_IN,15000.00,AGENT,2026-08-16 09:15:12,0
TXN10966,W0120,W0121,P2P,8000.00,APP,2026-08-16 14:40:30,0
TXN10967,W0121,MERCH_22,MERCHANT,3500.00,APP,2026-08-16 18:10:00,0
TXN10968,W0122,W0125,P2P,4500.00,APP,2026-08-17 10:05:45,0
TXN10969,W0125,AGENT_09,CASH_OUT,2000.00,AGENT,2026-08-17 13:20:10,0
TXN10970,AGENT_02,W0130,CASH_IN,300.00,AGENT,2026-08-17 16:55:22,0
TXN10971,W0130,W0135,P2P,120.00,USSD,2026-08-18 09:30:12,0
TXN10972,W0135,MERCH_01,MERCHANT,45.00,APP,2026-08-18 14:50:00,0
TXN10973,W0140,W0150,P2P,2500.00,APP,2026-08-18 19:12:45,0
TXN10974,W0150,AGENT_03,CASH_OUT,1000.00,AGENT,2026-08-19 11:05:12,0
TXN10975,AGENT_01,W0001,CASH_IN,10000.00,AGENT,2026-08-19 15:30:35,0
TXN10976,W0001,W0002,P2P,8000.00,APP,2026-08-19 21:45:22,0
TXN10977,W0002,MERCH_99,MERCHANT,3500.00,APP,2026-08-20 08:10:12,0
TXN10978,W0003,W0004,P2P,120.00,USSD,2026-08-20 12:55:00,0
TXN10979,W0004,AGENT_05,CASH_OUT,50.00,AGENT,2026-08-20 16:20:45,0
TXN10980,AGENT_10,W0005,CASH_IN,3000.00,AGENT,2026-08-21 10:15:12,0
TXN10981,W0005,W0006,P2P,1500.00,APP,2026-08-21 15:40:30,0
TXN10982,W0006,MERCH_10,MERCHANT,450.00,APP,2026-08-21 18:10:00,0
TXN10983,W0007,W0012,P2P,2500.00,APP,2026-08-22 09:45:22,0
TXN10984,W0012,AGENT_01,CASH_OUT,1000.00,AGENT,2026-08-22 13:20:10,0
TXN10985,AGENT_04,W0015,CASH_IN,500.00,AGENT,2026-08-22 16:55:45,0
TXN10986,W0015,W0020,P2P,120.00,USSD,2026-08-23 08:30:12,0
TXN10987,W0020,MERCH_05,MERCHANT,45.00,APP,2026-08-23 11:20:30,0
TXN10988,W0021,W0022,P2P,5500.00,APP,2026-08-23 15:45:10,0
TXN10989,W0022,AGENT_02,CASH_OUT,2000.00,AGENT,2026-08-24 09:12:45,0
TXN10990,AGENT_05,W0023,CASH_IN,1000.00,AGENT,2026-08-24 13:30:00,0
TXN10991,W0023,W0025,P2P,500.00,APP,2026-08-24 17:15:22,0
TXN10992,W0025,MERCH_12,MERCHANT,120.00,USSD,2026-08-25 10:05:12,0
TXN10993,AGENT_01,W0030,CASH_IN,3000.00,AGENT,2026-08-25 14:40:35,0
TXN10994,W0030,W0031,P2P,1500.00,APP,2026-08-25 21:05:45,0
TXN10995,W0031,MERCH_99,MERCHANT,800.00,APP,2026-08-26 09:20:12,0
TXN10996,W0035,AGENT_07,CASH_OUT,200.00,AGENT,2026-08-26 14:50:00,0
TXN10997,AGENT_10,W0040,CASH_IN,1000.00,AGENT,2026-08-26 19:12:30,0
TXN10998,W0040,W0041,P2P,500.00,APP,2026-08-27 11:05:45,0
TXN10999,W0041,MERCH_05,MERCHANT,220.00,APP,2026-08-27 15:30:10,0
TXN11000,W0045,W0046,P2P,150.00,USSD,2026-08-27 21:45:22,0
TXN11001,AGENT_01,W0999,CASH_IN,45000.00,AGENT,2026-08-28 09:00:00,1
TXN11002,W0999,W0800,P2P,15000.00,APP,2026-08-28 09:05:00,1
TXN11003,W0999,W0801,P2P,15000.00,APP,2026-08-28 09:06:00,1
TXN11004,W0999,W0802,P2P,14500.00,APP,2026-08-28 09:07:00,1
TXN11005,W0046,AGENT_05,CASH_OUT,50.00,AGENT,2026-08-28 14:10:12,0
TXN11006,AGENT_02,W0047,CASH_IN,3000.00,AGENT,2026-08-28 16:55:00,0
TXN11007,W0047,W0050,P2P,1500.00,APP,2026-08-28 18:20:45,0
TXN11008,W0555,W0666,P2P,5.00,APP,2026-08-29 01:00:00,1
TXN11009,W0555,W0666,P2P,10.00,APP,2026-08-29 01:01:00,1
TXN11010,W0555,W0666,P2P,5000.00,APP,2026-08-29 01:05:00,1
TXN11011,W0051,W0055,P2P,2500.00,APP,2026-08-29 10:40:30,0
TXN11012,W0055,AGENT_01,CASH_OUT,1000.00,AGENT,2026-08-29 12:10:00,0
TXN11013,AGENT_04,W0056,CASH_IN,500.00,AGENT,2026-08-30 09:45:22,0
TXN11014,W0056,W0060,P2P,120.00,USSD,2026-08-30 13:20:10,0
TXN11015,W0060,MERCH_01,MERCHANT,45.00,APP,2026-08-30 16:55:45,0